{
  "@context": "https://wet-boew.github.io/vocab/context/2023/conformance-report-en.json-ld",

  "@type": "acr:ConformanceReport",

  "earl:subject": {
    "@id": "_:subject",
    "dct:references": "https://wet-boew.github.io/wet-boew/demos/add-cal/add-cal-en.html",
    "@type": [
      "earl:TestSubject",
      "schema:WebPage"
    ],
    "dct:description": "Only on the enhanced and basic HTML version of the add to calendar component.",
    "earl:pointer": {
      "@type": "oa:CssSelector",
      "@value": ".wb-addcal"
    }
  },

  "earl:assertedBy": {
    "@id": "_:acrAssertor",
    "foaf:name": "Service Canada - Principal Publisher",
    "foaf:homepage": "https://github.com/ServiceCanada",
    "@type": ["earl:Assertor", "foaf:Organization"],
    "earl:mainAssertor": {
      "foaf:name": "Pierre Dubois (Github: @duboisp)",
      "foaf:homepage": "https://github.com/duboisp",
      "@type": ["earl:Assertor", "foaf:Person"]
    }
  },

  "dct:created": "2022-09-24",
  "dct:issued": "2023-03-02",
  "dct:modified": "2023-05-03",
  "dct:description": "Add to calendar plugin conformance report at WCAG 2.1 Level AA. That is focussed on the add calendar used in a context as demoed by the working example (Test subject).",

  "acr:standard": "https://www.w3.org/TR/WCAG21",
  "acr:conformanceOption": "act:standard/profiles/wcag#levelAA",

  "acr:conformance": "acr:satisfied",
  "acr:aggregatedScore": "100%",

  "assessments": {
    "https://wet-boew.github.io/wet-boew/demos/acr/demo-wcag21/addcal-assessment-wcag21.json": {
      "dct:title": "Add to calendar WCAG 2.1 Level AA assessment",
      "dct:references": "https://wet-boew.github.io/wet-boew/demos/acr/demo-wcag21/addcal-assessment-wcag21-en.html",
      "dct:language": "en",
      "dct:date": "2023-05-02",
      "@type": "acr:AssessmentReport"
    }
  },

  "acr:audit": [
    {
      "earl:assertedBy": {
        "foaf:name": "Pierre Dubois (Github: @duboisp)",
        "foaf:homepage": "https://github.com/duboisp",
        "@type": ["earl:Assertor", "foaf:Person"]
      },
      "@type": ["acr:AuditReport", "earl:Assertion"],
      "earl:mode": "earl:manual",
      "acr:accuracy": "acr:accurate",
      "dct:description": "Confirm the score of 100%. There is no work items and the WCAG 2.2 numbering, as today, has changed since but I didn't modified them.",
      "dct:issued": "2023-03-02",
      "acr:assessment": "https://wet-boew.github.io/wet-boew/demos/acr/demo-wcag21/addcal-assessment-wcag21.json",
      "acr:auditNote": [ ]
    }
  ],

  "wf:task": [ ],

  "dct:source": "act:standard/sets/wcag2x/wcag21_all_levelAA.json",
  "acr:conformity": [
    {
      "@id": "_:sc_1.1.1",
      "acr:requirement": "WCAG21:non-text-content",
      "acr:conformance": "acr:satisfied",
      "acr:assessment": [
        "https://wet-boew.github.io/wet-boew/demos/acr/demo-wcag21/addcal-assessment-wcag21.json"
      ],
      "earl:subject": "_:subject",
      "dct:description": "",
      "dct:modified": "2023-03-02",
      "earl:mode": "earl:manual",
      "@type": [ "acr:ConformanceRequirement" ]
    },
    {
      "@id": "_:sc_1.2.1",
      "acr:requirement": "WCAG21:audio-only-and-video-only-prerecorded",
      "acr:conformance": "acr:satisfied",
      "acr:assessment": [
        "https://wet-boew.github.io/wet-boew/demos/acr/demo-wcag21/addcal-assessment-wcag21.json"
      ],
      "earl:subject": "_:subject",
      "dct:description": "",
      "dct:modified": "2023-03-02",
      "earl:mode": "earl:manual",
      "@type": [ "acr:ConformanceRequirement" ]
    },
    {
      "@id": "_:sc_1.2.2",
      "acr:requirement": "WCAG21:captions-prerecorded",
      "acr:conformance": "acr:satisfied",
      "acr:assessment": [
        "https://wet-boew.github.io/wet-boew/demos/acr/demo-wcag21/addcal-assessment-wcag21.json"
      ],
      "earl:subject": "_:subject",
      "dct:description": "",
      "dct:modified": "2023-03-02",
      "earl:mode": "earl:manual",
      "@type": [ "acr:ConformanceRequirement" ]
    },
    {
      "@id": "_:sc_1.2.3",
      "acr:requirement": "WCAG21:audio-description-or-media-alternative-prerecorded",
      "acr:conformance": "acr:satisfied",
      "acr:assessment": [
        "https://wet-boew.github.io/wet-boew/demos/acr/demo-wcag21/addcal-assessment-wcag21.json"
      ],
      "earl:subject": "_:subject",
      "dct:description": "",
      "dct:modified": "2023-03-02",
      "earl:mode": "earl:manual",
      "@type": [ "acr:ConformanceRequirement" ]
    },
    {
      "@id": "_:sc_1.2.4",
      "acr:requirement": "WCAG21:captions-live",
      "acr:conformance": "acr:satisfied",
      "acr:assessment": [
        "https://wet-boew.github.io/wet-boew/demos/acr/demo-wcag21/addcal-assessment-wcag21.json"
      ],
      "earl:subject": "_:subject",
      "dct:description": "",
      "dct:modified": "2023-03-02",
      "earl:mode": "earl:manual",
      "@type": [ "acr:ConformanceRequirement" ]
    },
    {
      "@id": "_:sc_1.2.5",
      "acr:requirement": "WCAG21:audio-description-prerecorded",
      "acr:conformance": "acr:satisfied",
      "acr:assessment": [
        "https://wet-boew.github.io/wet-boew/demos/acr/demo-wcag21/addcal-assessment-wcag21.json"
      ],
      "earl:subject": "_:subject",
      "dct:description": "",
      "dct:modified": "2023-03-02",
      "earl:mode": "earl:manual",
      "@type": [ "acr:ConformanceRequirement" ]
    },
    {
      "@id": "_:sc_1.3.1",
      "acr:requirement": "WCAG21:info-and-relationships",
      "acr:conformance": "acr:satisfied",
      "acr:assessment": [
        "https://wet-boew.github.io/wet-boew/demos/acr/demo-wcag21/addcal-assessment-wcag21.json"
      ],
      "earl:subject": "_:subject",
      "dct:description": "",
      "dct:modified": "2023-03-02",
      "earl:mode": "earl:manual",
      "@type": [ "acr:ConformanceRequirement" ]
    },
    {
      "@id": "_:sc_1.3.2",
      "acr:requirement": "WCAG21:meaningful-sequence",
      "acr:conformance": "acr:satisfied",
      "acr:assessment": [
        "https://wet-boew.github.io/wet-boew/demos/acr/demo-wcag21/addcal-assessment-wcag21.json"
      ],
      "earl:subject": "_:subject",
      "dct:description": "",
      "dct:modified": "2023-03-02",
      "earl:mode": "earl:manual",
      "@type": [ "acr:ConformanceRequirement" ]
    },
    {
      "@id": "_:sc_1.3.3",
      "acr:requirement": "WCAG21:sensory-characteristics",
      "acr:conformance": "acr:satisfied",
      "acr:assessment": [
        "https://wet-boew.github.io/wet-boew/demos/acr/demo-wcag21/addcal-assessment-wcag21.json"
      ],
      "earl:subject": "_:subject",
      "dct:description": "",
      "dct:modified": "2023-03-02",
      "earl:mode": "earl:manual",
      "@type": [ "acr:ConformanceRequirement" ]
    },
    {
      "@id": "_:sc_1.3.4",
      "acr:requirement": "WCAG21:orientation",
      "acr:conformance": "acr:satisfied",
      "acr:assessment": [
        "https://wet-boew.github.io/wet-boew/demos/acr/demo-wcag21/addcal-assessment-wcag21.json"
      ],
      "earl:subject": "_:subject",
      "dct:description": "",
      "dct:modified": "2023-03-02",
      "earl:mode": "earl:manual",
      "@type": [ "acr:ConformanceRequirement" ]
    },
    {
      "@id": "_:sc_1.3.5",
      "acr:requirement": "WCAG21:identify-input-purpose",
      "acr:conformance": "acr:satisfied",
      "acr:assessment": [
        "https://wet-boew.github.io/wet-boew/demos/acr/demo-wcag21/addcal-assessment-wcag21.json"
      ],
      "earl:subject": "_:subject",
      "dct:description": "",
      "dct:modified": "2023-03-02",
      "earl:mode": "earl:manual",
      "@type": [ "acr:ConformanceRequirement" ]
    },
    {
      "@id": "_:sc_1.4.1",
      "acr:requirement": "WCAG21:use-of-color",
      "acr:conformance": "acr:satisfied",
      "acr:assessment": [
        "https://wet-boew.github.io/wet-boew/demos/acr/demo-wcag21/addcal-assessment-wcag21.json"
      ],
      "earl:subject": "_:subject",
      "dct:description": "",
      "dct:modified": "2023-03-02",
      "earl:mode": "earl:manual",
      "@type": [ "acr:ConformanceRequirement" ]
    },
    {
      "@id": "_:sc_1.4.2",
      "acr:requirement": "WCAG21:audio-control",
      "acr:conformance": "acr:satisfied",
      "acr:assessment": [
        "https://wet-boew.github.io/wet-boew/demos/acr/demo-wcag21/addcal-assessment-wcag21.json"
      ],
      "earl:subject": "_:subject",
      "dct:description": "",
      "dct:modified": "2023-03-02",
      "earl:mode": "earl:manual",
      "@type": [ "acr:ConformanceRequirement" ]
    },
    {
      "@id": "_:sc_1.4.3",
      "acr:requirement": "WCAG21:contrast-minimum",
      "acr:conformance": "acr:satisfied",
      "acr:assessment": [
        "https://wet-boew.github.io/wet-boew/demos/acr/demo-wcag21/addcal-assessment-wcag21.json"
      ],
      "earl:subject": "_:subject",
      "dct:description": "",
      "dct:modified": "2023-03-02",
      "earl:mode": "earl:manual",
      "@type": [ "acr:ConformanceRequirement" ]
    },
    {
      "@id": "_:sc_1.4.4",
      "acr:requirement": "WCAG21:resize-text",
      "acr:conformance": "acr:satisfied",
      "acr:assessment": [
        "https://wet-boew.github.io/wet-boew/demos/acr/demo-wcag21/addcal-assessment-wcag21.json"
      ],
      "earl:subject": "_:subject",
      "dct:description": "",
      "dct:modified": "2023-03-02",
      "earl:mode": "earl:manual",
      "@type": [ "acr:ConformanceRequirement" ]
    },
    {
      "@id": "_:sc_1.4.5",
      "acr:requirement": "WCAG21:image-of-text",
      "acr:conformance": "acr:satisfied",
      "acr:assessment": [
        "https://wet-boew.github.io/wet-boew/demos/acr/demo-wcag21/addcal-assessment-wcag21.json"
      ],
      "earl:subject": "_:subject",
      "dct:description": "",
      "dct:modified": "2023-03-02",
      "earl:mode": "earl:manual",
      "@type": [ "acr:ConformanceRequirement" ]
    },
    {
      "@id": "_:sc_1.4.10",
      "acr:requirement": "WCAG21:reflow",
      "acr:conformance": "acr:satisfied",
      "acr:assessment": [
        "https://wet-boew.github.io/wet-boew/demos/acr/demo-wcag21/addcal-assessment-wcag21.json"
      ],
      "earl:subject": "_:subject",
      "dct:description": "",
      "dct:modified": "2023-03-02",
      "earl:mode": "earl:manual",
      "@type": [ "acr:ConformanceRequirement" ]
    },
    {
      "@id": "_:sc_1.4.11",
      "acr:requirement": "WCAG21:non-text-contrast",
      "acr:conformance": "acr:satisfied",
      "acr:assessment": [
        "https://wet-boew.github.io/wet-boew/demos/acr/demo-wcag21/addcal-assessment-wcag21.json"
      ],
      "earl:subject": "_:subject",
      "dct:description": "",
      "dct:modified": "2023-03-02",
      "earl:mode": "earl:manual",
      "@type": [ "acr:ConformanceRequirement" ]
    },
    {
      "@id": "_:sc_1.4.12",
      "acr:requirement": "WCAG21:text-spacing",
      "acr:conformance": "acr:satisfied",
      "acr:assessment": [
        "https://wet-boew.github.io/wet-boew/demos/acr/demo-wcag21/addcal-assessment-wcag21.json"
      ],
      "earl:subject": "_:subject",
      "dct:description": "",
      "dct:modified": "2023-03-02",
      "earl:mode": "earl:manual",
      "@type": [ "acr:ConformanceRequirement" ]
    },
    {
      "@id": "_:sc_1.4.13",
      "acr:requirement": "WCAG21:content-on-hover-or-focus",
      "acr:conformance": "acr:satisfied",
      "acr:assessment": [
        "https://wet-boew.github.io/wet-boew/demos/acr/demo-wcag21/addcal-assessment-wcag21.json"
      ],
      "earl:subject": "_:subject",
      "dct:description": "",
      "dct:modified": "2023-03-02",
      "earl:mode": "earl:manual",
      "@type": [ "acr:ConformanceRequirement" ]
    },
    {
      "@id": "_:sc_2.1.1",
      "acr:requirement": "WCAG21:keyboard",
      "acr:conformance": "acr:satisfied",
      "acr:assessment": [
        "https://wet-boew.github.io/wet-boew/demos/acr/demo-wcag21/addcal-assessment-wcag21.json"
      ],
      "earl:subject": "_:subject",
      "dct:description": "",
      "dct:modified": "2023-03-02",
      "earl:mode": "earl:manual",
      "@type": [ "acr:ConformanceRequirement" ]
    },
    {
      "@id": "_:sc_2.1.2",
      "acr:requirement": "WCAG21:no-keyboard-trap",
      "acr:conformance": "acr:satisfied",
      "acr:assessment": [
        "https://wet-boew.github.io/wet-boew/demos/acr/demo-wcag21/addcal-assessment-wcag21.json"
      ],
      "earl:subject": "_:subject",
      "dct:description": "",
      "dct:modified": "2023-03-02",
      "earl:mode": "earl:manual",
      "@type": [ "acr:ConformanceRequirement" ]
    },
    {
      "@id": "_:sc_2.1.4",
      "acr:requirement": "WCAG21:character-key-shortcuts",
      "acr:conformance": "acr:satisfied",
      "acr:assessment": [
        "https://wet-boew.github.io/wet-boew/demos/acr/demo-wcag21/addcal-assessment-wcag21.json"
      ],
      "earl:subject": "_:subject",
      "dct:description": "",
      "dct:modified": "2023-03-02",
      "earl:mode": "earl:manual",
      "@type": [ "acr:ConformanceRequirement" ]
    },
    {
      "@id": "_:sc_2.2.1",
      "acr:requirement": "WCAG21:timing-adjustable",
      "acr:conformance": "acr:satisfied",
      "acr:assessment": [
        "https://wet-boew.github.io/wet-boew/demos/acr/demo-wcag21/addcal-assessment-wcag21.json"
      ],
      "earl:subject": "_:subject",
      "dct:description": "",
      "dct:modified": "2023-03-02",
      "earl:mode": "earl:manual",
      "@type": [ "acr:ConformanceRequirement" ]
    },
    {
      "@id": "_:sc_2.2.2",
      "acr:requirement": "WCAG21:pause-stop-hide",
      "acr:conformance": "acr:satisfied",
      "acr:assessment": [
        "https://wet-boew.github.io/wet-boew/demos/acr/demo-wcag21/addcal-assessment-wcag21.json"
      ],
      "earl:subject": "_:subject",
      "dct:description": "",
      "dct:modified": "2023-03-02",
      "earl:mode": "earl:manual",
      "@type": [ "acr:ConformanceRequirement" ]
    },
    {
      "@id": "_:sc_2.3.1",
      "acr:requirement": "WCAG21:three-flashes-or-below-threshold",
      "acr:conformance": "acr:satisfied",
      "acr:assessment": [
        "https://wet-boew.github.io/wet-boew/demos/acr/demo-wcag21/addcal-assessment-wcag21.json"
      ],
      "earl:subject": "_:subject",
      "dct:description": "",
      "dct:modified": "2023-03-02",
      "earl:mode": "earl:manual",
      "@type": [ "acr:ConformanceRequirement" ]
    },
    {
      "@id": "_:sc_2.4.1",
      "acr:requirement": "WCAG21:byPass-blocks",
      "acr:conformance": "acr:satisfied",
      "acr:assessment": [
        "https://wet-boew.github.io/wet-boew/demos/acr/demo-wcag21/addcal-assessment-wcag21.json"
      ],
      "earl:subject": "_:subject",
      "dct:description": "",
      "dct:modified": "2023-03-02",
      "earl:mode": "earl:manual",
      "@type": [ "acr:ConformanceRequirement" ]
    },
    {
      "@id": "_:sc_2.4.2",
      "acr:requirement": "WCAG21:page-titled",
      "acr:conformance": "acr:satisfied",
      "acr:assessment": [
        "https://wet-boew.github.io/wet-boew/demos/acr/demo-wcag21/addcal-assessment-wcag21.json"
      ],
      "earl:subject": "_:subject",
      "dct:description": "",
      "dct:modified": "2023-03-02",
      "earl:mode": "earl:manual",
      "@type": [ "acr:ConformanceRequirement" ]
    },
    {
      "@id": "_:sc_2.4.3",
      "acr:requirement": "WCAG21:focus-order",
      "acr:conformance": "acr:satisfied",
      "acr:assessment": [
        "https://wet-boew.github.io/wet-boew/demos/acr/demo-wcag21/addcal-assessment-wcag21.json"
      ],
      "earl:subject": "_:subject",
      "dct:description": "",
      "dct:modified": "2023-03-02",
      "earl:mode": "earl:manual",
      "@type": [ "acr:ConformanceRequirement" ]
    },
    {
      "@id": "_:sc_2.4.4",
      "acr:requirement": "WCAG21:link-purpose-in-context",
      "acr:conformance": "acr:satisfied",
      "acr:assessment": [
        "https://wet-boew.github.io/wet-boew/demos/acr/demo-wcag21/addcal-assessment-wcag21.json"
      ],
      "earl:subject": "_:subject",
      "dct:description": "",
      "dct:modified": "2023-03-02",
      "earl:mode": "earl:manual",
      "@type": [ "acr:ConformanceRequirement" ]
    },
    {
      "@id": "_:sc_2.4.5",
      "acr:requirement": "WCAG21:multiple-ways",
      "acr:conformance": "acr:satisfied",
      "acr:assessment": [
        "https://wet-boew.github.io/wet-boew/demos/acr/demo-wcag21/addcal-assessment-wcag21.json"
      ],
      "earl:subject": "_:subject",
      "dct:description": "",
      "dct:modified": "2023-03-02",
      "earl:mode": "earl:manual",
      "@type": [ "acr:ConformanceRequirement" ]
    },
    {
      "@id": "_:sc_2.4.6",
      "acr:requirement": "WCAG21:headings-and-labels",
      "acr:conformance": "acr:satisfied",
      "acr:assessment": [
        "https://wet-boew.github.io/wet-boew/demos/acr/demo-wcag21/addcal-assessment-wcag21.json"
      ],
      "earl:subject": "_:subject",
      "dct:description": "",
      "dct:modified": "2023-03-02",
      "earl:mode": "earl:manual",
      "@type": [ "acr:ConformanceRequirement" ]
    },
    {
      "@id": "_:sc_2.4.7",
      "acr:requirement": "WCAG21:focus-visible",
      "acr:conformance": "acr:satisfied",
      "acr:assessment": [
        "https://wet-boew.github.io/wet-boew/demos/acr/demo-wcag21/addcal-assessment-wcag21.json"
      ],
      "earl:subject": "_:subject",
      "dct:description": "",
      "dct:modified": "2023-03-02",
      "earl:mode": "earl:manual",
      "@type": [ "acr:ConformanceRequirement" ]
    },
    {
      "@id": "_:sc_2.5.1",
      "acr:requirement": "WCAG21:pointer-gestures",
      "acr:conformance": "acr:satisfied",
      "acr:assessment": [
        "https://wet-boew.github.io/wet-boew/demos/acr/demo-wcag21/addcal-assessment-wcag21.json"
      ],
      "earl:subject": "_:subject",
      "dct:description": "",
      "dct:modified": "2023-03-02",
      "earl:mode": "earl:manual",
      "@type": [ "acr:ConformanceRequirement" ]
    },
    {
      "@id": "_:sc_2.5.2",
      "acr:requirement": "WCAG21:pointer-cancellation",
      "acr:conformance": "acr:satisfied",
      "acr:assessment": [
        "https://wet-boew.github.io/wet-boew/demos/acr/demo-wcag21/addcal-assessment-wcag21.json"
      ],
      "earl:subject": "_:subject",
      "dct:description": "",
      "dct:modified": "2023-03-02",
      "earl:mode": "earl:manual",
      "@type": [ "acr:ConformanceRequirement" ]
    },
    {
      "@id": "_:sc_2.5.3",
      "acr:requirement": "WCAG21:label-in-name",
      "acr:conformance": "acr:satisfied",
      "acr:assessment": [
        "https://wet-boew.github.io/wet-boew/demos/acr/demo-wcag21/addcal-assessment-wcag21.json"
      ],
      "earl:subject": "_:subject",
      "dct:description": "",
      "dct:modified": "2023-03-02",
      "earl:mode": "earl:manual",
      "@type": [ "acr:ConformanceRequirement" ]
    },
    {
      "@id": "_:sc_2.5.4",
      "acr:requirement": "WCAG21:motion-actuation",
      "acr:conformance": "acr:satisfied",
      "acr:assessment": [
        "https://wet-boew.github.io/wet-boew/demos/acr/demo-wcag21/addcal-assessment-wcag21.json"
      ],
      "earl:subject": "_:subject",
      "dct:description": "",
      "dct:modified": "2023-03-02",
      "earl:mode": "earl:manual",
      "@type": [ "acr:ConformanceRequirement" ]
    },
    {
      "@id": "_:sc_3.1.1",
      "acr:requirement": "WCAG21:language-of-page",
      "acr:conformance": "acr:satisfied",
      "acr:assessment": [
        "https://wet-boew.github.io/wet-boew/demos/acr/demo-wcag21/addcal-assessment-wcag21.json"
      ],
      "earl:subject": "_:subject",
      "dct:description": "",
      "dct:modified": "2023-03-02",
      "earl:mode": "earl:manual",
      "@type": [ "acr:ConformanceRequirement" ]
    },
    {
      "@id": "_:sc_3.1.2",
      "acr:requirement": "WCAG21:language-of-parts",
      "acr:conformance": "acr:satisfied",
      "acr:assessment": [
        "https://wet-boew.github.io/wet-boew/demos/acr/demo-wcag21/addcal-assessment-wcag21.json"
      ],
      "earl:subject": "_:subject",
      "dct:description": "",
      "dct:modified": "2023-03-02",
      "earl:mode": "earl:manual",
      "@type": [ "acr:ConformanceRequirement" ]
    },
    {
      "@id": "_:sc_3.2.1",
      "acr:requirement": "WCAG21:on-focus",
      "acr:conformance": "acr:satisfied",
      "acr:assessment": [
        "https://wet-boew.github.io/wet-boew/demos/acr/demo-wcag21/addcal-assessment-wcag21.json"
      ],
      "earl:subject": "_:subject",
      "dct:description": "",
      "dct:modified": "2023-03-02",
      "earl:mode": "earl:manual",
      "@type": [ "acr:ConformanceRequirement" ]
    },
    {
      "@id": "_:sc_3.2.2",
      "acr:requirement": "WCAG21:on-input",
      "acr:conformance": "acr:satisfied",
      "acr:assessment": [
        "https://wet-boew.github.io/wet-boew/demos/acr/demo-wcag21/addcal-assessment-wcag21.json"
      ],
      "earl:subject": "_:subject",
      "dct:description": "",
      "dct:modified": "2023-03-02",
      "earl:mode": "earl:manual",
      "@type": [ "acr:ConformanceRequirement" ]
    },
    {
      "@id": "_:sc_3.2.3",
      "acr:requirement": "WCAG21:consistent-navigation",
      "acr:conformance": "acr:satisfied",
      "acr:assessment": [
        "https://wet-boew.github.io/wet-boew/demos/acr/demo-wcag21/addcal-assessment-wcag21.json"
      ],
      "earl:subject": "_:subject",
      "dct:description": "",
      "dct:modified": "2023-03-02",
      "earl:mode": "earl:manual",
      "@type": [ "acr:ConformanceRequirement" ]
    },
    {
      "@id": "_:sc_3.2.4",
      "acr:requirement": "WCAG21:consistent-identification",
      "acr:conformance": "acr:satisfied",
      "acr:assessment": [
        "https://wet-boew.github.io/wet-boew/demos/acr/demo-wcag21/addcal-assessment-wcag21.json"
      ],
      "earl:subject": "_:subject",
      "dct:description": "",
      "dct:modified": "2023-03-02",
      "earl:mode": "earl:manual",
      "@type": [ "acr:ConformanceRequirement" ]
    },
    {
      "@id": "_:sc_3.3.1",
      "acr:requirement": "WCAG21:error-identification",
      "acr:conformance": "acr:satisfied",
      "acr:assessment": [
        "https://wet-boew.github.io/wet-boew/demos/acr/demo-wcag21/addcal-assessment-wcag21.json"
      ],
      "earl:subject": "_:subject",
      "dct:description": "",
      "dct:modified": "2023-03-02",
      "earl:mode": "earl:manual",
      "@type": [ "acr:ConformanceRequirement" ]
    },
    {
      "@id": "_:sc_3.3.2",
      "acr:requirement": "WCAG21:labels-or-instructions",
      "acr:conformance": "acr:satisfied",
      "acr:assessment": [
        "https://wet-boew.github.io/wet-boew/demos/acr/demo-wcag21/addcal-assessment-wcag21.json"
      ],
      "earl:subject": "_:subject",
      "dct:description": "",
      "dct:modified": "2023-03-02",
      "earl:mode": "earl:manual",
      "@type": [ "acr:ConformanceRequirement" ]
    },
    {
      "@id": "_:sc_3.3.3",
      "acr:requirement": "WCAG21:error-suggestion",
      "acr:conformance": "acr:satisfied",
      "acr:assessment": [
        "https://wet-boew.github.io/wet-boew/demos/acr/demo-wcag21/addcal-assessment-wcag21.json"
      ],
      "earl:subject": "_:subject",
      "dct:description": "",
      "dct:modified": "2023-03-02",
      "earl:mode": "earl:manual",
      "@type": [ "acr:ConformanceRequirement" ]
    },
    {
      "@id": "_:sc_3.3.4",
      "acr:requirement": "WCAG21:error-prevention-legal-financial-data)",
      "acr:conformance": "acr:satisfied",
      "acr:assessment": [
        "https://wet-boew.github.io/wet-boew/demos/acr/demo-wcag21/addcal-assessment-wcag21.json"
      ],
      "earl:subject": "_:subject",
      "dct:description": "",
      "dct:modified": "2023-03-02",
      "earl:mode": "earl:manual",
      "@type": [ "acr:ConformanceRequirement" ]
    },
    {
      "@id": "_:sc_4.1.1",
      "acr:requirement": "WCAG21:parsing",
      "acr:conformance": "acr:satisfied",
      "acr:assessment": [
        "https://wet-boew.github.io/wet-boew/demos/acr/demo-wcag21/addcal-assessment-wcag21.json"
      ],
      "earl:subject": "_:subject",
      "dct:description": "",
      "dct:modified": "2023-03-02",
      "earl:mode": "earl:manual",
      "@type": [ "acr:ConformanceRequirement" ]
    },
    {
      "@id": "_:sc_4.1.2",
      "acr:requirement": "WCAG21:name-role-value",
      "acr:conformance": "acr:satisfied",
      "acr:assessment": [
        "https://wet-boew.github.io/wet-boew/demos/acr/demo-wcag21/addcal-assessment-wcag21.json"
      ],
      "earl:subject": "_:subject",
      "dct:description": "",
      "dct:modified": "2023-03-02",
      "earl:mode": "earl:manual",
      "@type": [ "acr:ConformanceRequirement" ]
    },
    {
      "@id": "_:sc_4.1.3",
      "acr:requirement": "WCAG21:status-messages",
      "acr:conformance": "acr:satisfied",
      "acr:assessment": [
        "https://wet-boew.github.io/wet-boew/demos/acr/demo-wcag21/addcal-assessment-wcag21.json"
      ],
      "earl:subject": "_:subject",
      "dct:description": "",
      "dct:modified": "2023-03-02",
      "earl:mode": "earl:manual",
      "@type": [ "acr:ConformanceRequirement" ]
    }
  ]
}
