{
  "labels": {
    "@context": {
      "ATAG:": "https://www.w3.org/TR/ATAG20/#"
    },
    "acr:ConformanceStandard": {
      "en": {
        "https://www.w3.org/TR/WCAG21": "WCAG 2.1",
        "https://www.etsi.org/deliver/etsi_en/301500_301599/301549/03.02.01_60/": "EN 301 549 v3.2.1"
      },
      "fr": {
        "https://www.w3.org/TR/WCAG21": "WCAG 2.1",
        "https://www.etsi.org/deliver/etsi_en/301500_301599/301549/03.02.01_60/": "EN 301 549 v3.2.1"
      }
    },
    "acr:ConformanceOption": {
      "en": {
        "act:standard/profiles/wcag#levelAA": "Level AA",
        "act:standard/profiles/wcag#delta21_levelA": "Delta of WCAG 2.1 at level AA",
        "act:standard/profiles/en301549#ictClauseFunc": "ICT with clause functionality",
        "act:standard/profiles/en301549#ictTwoVoiceComm": "ICT with two-way voice communication",
        "act:standard/profiles/en301549#ictVideo": "ICT with video capabilities",
        "act:standard/profiles/en301549#hardware": "Hardware",
        "act:standard/profiles/en301549#web": "Web",
        "act:standard/profiles/en301549#nonWeb": "Non-web documents",
        "act:standard/profiles/en301549#software": "Software",
        "act:standard/profiles/en301549#supportServices": "Support services",
        "act:standard/profiles/en301549#relayServices": "Relay services",
        "act:standard/profiles/en301549#twoWayCommEmergencyServices": "Two way communication emergency service"
      },
      "fr": {
        "act:standard/profiles/wcag#levelAA": "Niveau AA",
        "act:standard/profiles/wcag#delta21_levelAA": "Delta du WCAG 2.1 au niveau AA",
        "act:standard/profiles/en301549#ictClauseFunc": "ICT avec des fonctionnalités fermé",
        "act:standard/profiles/en301549#ictTwoVoiceComm": "ICT avec communication vocale bidirectionnelle",
        "act:standard/profiles/en301549#ictVideo": "ICT avec des capacités vidéo",
        "act:standard/profiles/en301549#hardware": "Matériel",
        "act:standard/profiles/en301549#web": "Web",
        "act:standard/profiles/en301549#nonWeb": "Documents non-web",
        "act:standard/profiles/en301549#software": "Logiciel",
        "act:standard/profiles/en301549#supportServices": "Service d'assistance",
        "act:standard/profiles/en301549#relayServices": "Services de relayement",
        "act:standard/profiles/en301549#twoWayCommEmergencyServices": "Service d'urgence de communication bidirectionnelle"
      }
    },

    "earl:TestCriterion": {
      "en": {
        "ATAG:sc_b111": "ATAG SC B.1.1.1 Content Auto-Generation After Authoring Sessions (WCAG)",
        "ATAG:sc_b112": "ATAG SC B.1.1.2 Content Auto-Generation During Authoring Sessions (WCAG)",
        "ATAG:sc_b121": "ATAG SC B.1.2.1 Restructuring and Recoding Transformations (WCAG)",
        "ATAG:sc_b122": "ATAG SC B.1.2.2 Copy-Paste Inside Authoring Tool (WCAG)",
        "ATAG:sc_b123": "ATAG SC B.1.2.3 Optimizations Preserve Accessibility",
        "ATAG:sc_b124": "ATAG SC B.1.2.4 Text Alternatives for Non-Text Content are Preserved",
        "ATAG:sc_b211": "ATAG SC B.2.1.1 Accessible Content Possible (WCAG)",
        "ATAG:sc_b221": "ATAG SC B.2.2.1 Accessible Option Prominence (WCAG)",
        "ATAG:sc_b222": "ATAG SC B.2.2.2 Setting Accessibility Properties (WCAG)",
        "ATAG:sc_b231": "ATAG SC B.2.3.1 Alternative Content is Editable (WCAG)",
        "ATAG:sc_b232": "ATAG SC B.2.3.2 Automating Repair of Text Alternatives",
        "ATAG:sc_b233": "ATAG SC B.2.3.3 Save for Reuse",
        "ATAG:sc_b241": "ATAG SC B.2.4.1 Accessible Template Options (WCAG)",
        "ATAG:sc_b242": "ATAG SC B.2.4.2 Identify Template Accessibility",
        "ATAG:sc_b243": "ATAG SC B.2.4.3 Author-Created Templates",
        "ATAG:sc_b244": "ATAG SC B.2.4.4 Accessible Template Options (Enhanced)",
        "ATAG:sc_b251": "ATAG SC B.2.5.1 Accessible Pre-Authored Content Options",
        "ATAG:sc_b252": "ATAG SC B.2.5.2 Identify Pre-Authored Content Accessibility",
        "ATAG:sc_b311": "ATAG SC B.3.1.1 Checking Assistance (WCAG)",
        "ATAG:sc_b312": "ATAG SC B.3.1.2 Help Authors Decide",
        "ATAG:sc_b313": "ATAG SC B.3.1.3 Help Authors Locate",
        "ATAG:sc_b314": "ATAG SC B.3.1.4 Status Report",
        "ATAG:sc_b315": "ATAG SC B.3.1.5 Programmatic Association of Results",
        "ATAG:sc_b321": "ATAG SC B.3.2.1 Repair Assistance (WCAG)",
        "ATAG:sc_b411": "ATAG SC B.4.1.1 Features Active by Default",
        "ATAG:sc_b412": "ATAG SC B.4.1.2 Option to Reactivate Features",
        "ATAG:sc_b413": "ATAG SC B.4.1.3 Feature Deactivation Warning",
        "ATAG:sc_b414": "ATAG SC B.4.1.4 Feature Prominence",
        "ATAG:sc_b421": "ATAG SC B.4.2.1 Model Practice (WCAG)",
        "ATAG:sc_b422": "ATAG SC B.4.2.2 Feature Instructions",
        "ATAG:sc_b423": "ATAG SC B.4.2.3 Tutorial",
        "ATAG:sc_b424": "ATAG SC B.4.2.4 Instruction Index",

        "WCAG21:non-text-content": "SC 1.1.1 Non-text content (Level A)",
        "WCAG21:audio-only-and-video-only-prerecorded": "SC 1.2.1 Audio-only and Video-only (Prerecorded) (Level A)",
        "WCAG21:captions-prerecorded": "SC 1.2.2 Captions (Prerecorded) (Level A)",
        "WCAG21:audio-description-or-media-alternative-prerecorded": "SC 1.2.3 Audio Description or Media Alternative (Prerecorded) (Level A)",
        "WCAG21:captions-live": "SC 1.2.4 Captions (Live) (Level AA)",
        "WCAG21:audio-description-prerecorded": "SC 1.2.5 Audio Description (Prerecorded) (Level AA)",
        "WCAG21:info-and-relationships": "SC 1.3.1 Info and Relationships (Level A)",
        "WCAG21:meaningful-sequence": "SC 1.3.2 Meaningful Sequence (Level A)",
        "WCAG21:sensory-characteristics": "SC 1.3.3 Sensory Characteristics (Level A)",
        "WCAG21:orientation": "SC 1.3.4 Orientation (Level AA)",
        "WCAG21:identify-input-purpose": "SC 1.3.5 Identify Input Purpose (Level AA)",
        "WCAG21:use-of-color": "SC 1.4.1 Use of Color (Level A)",
        "WCAG21:audio-control": "SC 1.4.2 Audio Control (Level A)",
        "WCAG21:contrast-minimum": "SC 1.4.3 Contrast (Minimum) (Level AA)",
        "WCAG21:resize-text": "SC 1.4.4 Resize text (Level AA)",
        "WCAG21:image-of-text": "SC 1.4.5 Images of Text (Level AA)",
        "WCAG21:reflow": "SC 1.4.10 Reflow (Level AA)",
        "WCAG21:non-text-contrast": "SC 1.4.11 Non-text Contrast (Level AA)",
        "WCAG21:text-spacing": "SC 1.4.12 Text Spacing (Level AA)",
        "WCAG21:content-on-hover-or-focus": "SC 1.4.13 Content on Hover or Focus (Level AA)",
        "WCAG21:keyboard": "SC 2.1.1 Keyboard (Level A)",
        "WCAG21:no-keyboard-trap": "SC 2.1.2 No Keyboard Trap (Level A)",
        "WCAG21:character-key-shortcuts": "SC 2.1.4 Character Key Shortcuts (Level A)",
        "WCAG21:timing-adjustable": "SC 2.2.1 Timing Adjustable (Level A)",
        "WCAG21:pause-stop-hide": "SC 2.2.2 Pause, Stop, Hide (Level A)",
        "WCAG21:three-flashes-or-below-threshold": "SC 2.3.1 Three Flashes or Below Threshold (Level A)",
        "WCAG21:bypass-blocks": "SC 2.4.1 Bypass Blocks (Level A)",
        "WCAG21:page-titled": "SC 2.4.2 Page Titled (Level A)",
        "WCAG21:focus-order": "SC 2.4.3 Focus Order (Level A)",
        "WCAG21:link-purpose-in-context": "SC 2.4.4 Link Purpose (In Context) (Level A)",
        "WCAG21:multiple-ways": "SC 2.4.5 Multiple Ways (Level AA)",
        "WCAG21:headings-and-labels": "SC 2.4.6 Headings and Labels (Level AA)",
        "WCAG21:focus-visible": "SC 2.4.7 Focus Visible (Level AA)",
        "WCAG22:focus-appearance-minimum": "WCAG 2.2 - SC 2.4.11 Focus Appearance (Minimum) (Level AA)",
        "WCAG22:page-break-navigation": "WCAG 2.2 - SC 2.4.13 Page Break Navigation (Level A)",
        "WCAG21:pointer-gestures": "SC 2.5.1 Pointer Gestures (Level A)",
        "WCAG21:pointer-cancellation": "SC 2.5.2 Pointer Cancellation (Level A)",
        "WCAG21:label-in-name": "SC 2.5.3 Label in Name (Level A)",
        "WCAG21:motion-actuation": "SC 2.5.4 Motion Actuation (Level A)",
        "WCAG22:dragging-movements": "WCAG 2.2 - SC 2.5.7 Dragging Movements (Level AA)",
        "WCAG22:target-size-minimum": "WCAG 2.2 - SC 2.5.8 Target Size (Minimum) (Level AA)",
        "WCAG21:language-of-page": "SC 3.1.1 Language of Page (Level A)",
        "WCAG21:language-of-parts": "SC 3.1.2 Language of Parts (Level AA)",
        "WCAG21:on-focus": "SC 3.2.1 On Focus (Level A)",
        "WCAG21:on-input": "SC 3.2.2 On Input (Level A)",
        "WCAG21:consistent-navigation": "SC 3.2.3 Consistent Navigation (Level AA)",
        "WCAG21:consistent-identification": "SC 3.2.4 Consistent Identification (Level AA)",
        "WCAG22:consistent-help": "WCAG 2.2 - SC 3.2.6 Consistent Help (Level A)",
        "WCAG22:visible-controls": "WCAG 2.2 - SC 3.2.7 Visible Controls (Level AA)",
        "WCAG21:error-identification": "SC 3.3.1 Error Identification (Level A)",
        "WCAG21:labels-or-instructions": "SC 3.3.2 Labels or Instructions (Level A)",
        "WCAG21:error-suggestion": "SC 3.3.3 Error Suggestion (Level AA)",
        "WCAG21:error-prevention-legal-financial-data)": "SC 3.3.4 Error Prevention (Legal, Financial, Data) (Level AA)",
        "WCAG22:accessible-authentication": "WCAG 2.2 - SC 3.3.7 Accessible Authentication (Level A)",
        "WCAG22:redundant-entry": "WCAG 2.2 - SC 3.3.8 Redundant entry (Level A)",
        "WCAG21:parsing": "SC 4.1.1 Parsing (Level A)",
        "WCAG21:name-role-value": "SC 4.1.2 Name, Role, Value (Level A)",
        "WCAG21:status-messages": "SC 4.1.3 Status Messages (Level AA)",

        "act:rules/wcag2x/sc/1_1_1_situation_a": "Situation A: If a short description can serve the same purpose and present the same information as the non-text content",
        "act:rules/wcag2x/sc/1_1_1_situation_b": "Situation B: If a short description can not serve the same purpose and present the same information as the non-text content",
        "act:rules/wcag2x/sc/1_1_1_situation_c": "Situation C: If non-text content is a control or accepts user input",
        "act:rules/wcag2x/sc/1_1_1_situation_d": "Situation D: If non-text content is time-based media (including live video-only and live audio-only); a test or exercise that would be invalid if presented in text; or primarily intended to create a specific sensory experience",
        "act:rules/wcag2x/sc/1_1_1_situation_e": "Situation E: If non-text content is a CAPTCHA",
        "act:rules/wcag2x/sc/1_1_1_situation_f": "Situation F: If the non-text content should be ignored by assistive technology",

        "WCAG2xTech:general/G73": "G73: Providing a long description in another location with a link to it that is immediately adjacent to the non-text content",
        "WCAG2xTech:general/G74": "G74: Providing a long description in text near the non-text content, with a reference to the location of the long description in the short description",
        "WCAG2xTech:general/G92": "G92: Providing long description for non-text content that serves the same purpose and presents the same information",
        "WCAG2xTech:general/G94": "G94: Providing short text alternative for non-text content that serves the same purpose and presents the same information as the non-text content",
        "WCAG2xTech:general/G95": "G95: Providing short text alternatives that provide a brief description of the non-text content",
        "WCAG2xTech:aria/ARIA6": "ARIA6: Using aria-label to provide labels for objects",
        "WCAG2xTech:aria/ARIA10": "ARIA10: Using aria-labelledby to provide a text alternative for non-text content",
        "WCAG2xTech:aria/ARIA15": "ARIA15: Using aria-describedby to provide descriptions of images",
        "WCAG2xTech:general/G196": "G196: Using a text alternative on one item within a group of images that describes all items in the group",
        "WCAG2xTech:html/H2": "H2: Combining adjacent image and text links for the same resource",
        "WCAG2xTech:html/H35": "H35: Providing text alternatives on applet elements ",
        "WCAG2xTech:html/H37": "H37: Using alt attributes on img elements",
        "WCAG2xTech:html/H53": "H53: Using the body of the object element",
        "WCAG2xTech:html/H86": "H86: Providing text alternatives for emojis, emoticons, ASCII art, and leetspeak",
        "WCAG2xTech:pdf/PDF1": "PDF1: Applying text alternatives to images with the Alt entry in PDF documents",
        "WCAG2xTech:failures/F3": "F3: Failure of Success Criterion 1.1.1 due to using CSS to include images that convey important information",
        "WCAG2xTech:failures/F13": "F13: Failure of Success Criterion 1.1.1 and 1.4.1 due to having a text alternative that does not include information that is conveyed by color differences in the image",
        "WCAG2xTech:failures/F20": "F20: Failure of Success Criterion 1.1.1 and 4.1.2 due to not updating text alternatives when changes to non-text content occur",
        "WCAG2xTech:failures/F30": "F30: Failure of Success Criterion 1.1.1 and 1.2.1 due to using text alternatives that are not alternatives (e.g., filenames or placeholder text)",
        "WCAG2xTech:failures/F38": "F38: Failure of Success Criterion 1.1.1 due to not marking up decorative images in HTML in a way that allows assistive technology to ignore them",
        "WCAG2xTech:failures/F39": "F39: Failure of Success Criterion 1.1.1 due to providing a text alternative that is not null for images that should be ignored by assistive technology",
        "WCAG2xTech:failures/F65": "F65: Failure of Success Criterion 1.1.1 due to omitting the alt attribute or text alternative on img elements, area elements, and input elements of type 'image'",
        "WCAG2xTech:failures/F67": "F67: Failure of Success Criterion 1.1.1 and 1.2.1 due to providing long descriptions for non-text content that does not serve the same purpose or does not present the same information",
        "WCAG2xTech:failures/F71": "F71: Failure of Success Criterion 1.1.1 due to using text look-alikes to represent text without providing a text alternative",
        "WCAG2xTech:failures/F72": "F72: Failure of Success Criterion 1.1.1 due to using ASCII art without providing a text alternative",
        "WCAG2xTech:failures/F97": "F97 - Failure due to locking the orientation to landscape or portrait view"

      },
      "fr": {
        "ATAG:sc_b111": "(pas traduit) ATAG SC B.1.1.1 Content Auto-Generation After Authoring Sessions (WCAG)",
        "ATAG:sc_b112": "(pas traduit) ATAG SC B.1.1.2 Content Auto-Generation During Authoring Sessions (WCAG)",
        "ATAG:sc_b121": "(pas traduit) ATAG SC B.1.2.1 Restructuring and Recoding Transformations (WCAG)",
        "ATAG:sc_b122": "(pas traduit) ATAG SC B.1.2.2 Copy-Paste Inside Authoring Tool (WCAG)",
        "ATAG:sc_b123": "(pas traduit) ATAG SC B.1.2.3 Optimizations Preserve Accessibility",
        "ATAG:sc_b124": "(pas traduit) ATAG SC B.1.2.4 Text Alternatives for Non-Text Content are Preserved",
        "ATAG:sc_b211": "(pas traduit) ATAG SC B.2.1.1 Accessible Content Possible (WCAG)",
        "ATAG:sc_b221": "(pas traduit) ATAG SC B.2.2.1 Accessible Option Prominence (WCAG)",
        "ATAG:sc_b222": "(pas traduit) ATAG SC B.2.2.2 Setting Accessibility Properties (WCAG)",
        "ATAG:sc_b231": "(pas traduit) ATAG SC B.2.3.1 Alternative Content is Editable (WCAG)",
        "ATAG:sc_b232": "(pas traduit) ATAG SC B.2.3.2 Automating Repair of Text Alternatives",
        "ATAG:sc_b233": "(pas traduit) ATAG SC B.2.3.3 Save for Reuse",
        "ATAG:sc_b241": "(pas traduit) ATAG SC B.2.4.1 Accessible Template Options (WCAG)",
        "ATAG:sc_b242": "(pas traduit) ATAG SC B.2.4.2 Identify Template Accessibility",
        "ATAG:sc_b243": "(pas traduit) ATAG SC B.2.4.3 Author-Created Templates",
        "ATAG:sc_b244": "(pas traduit) ATAG SC B.2.4.4 Accessible Template Options (Enhanced)",
        "ATAG:sc_b251": "(pas traduit) ATAG SC B.2.5.1 Accessible Pre-Authored Content Options",
        "ATAG:sc_b252": "(pas traduit) ATAG SC B.2.5.2 Identify Pre-Authored Content Accessibility",
        "ATAG:sc_b311": "(pas traduit) ATAG SC B.3.1.1 Checking Assistance (WCAG)",
        "ATAG:sc_b312": "(pas traduit) ATAG SC B.3.1.2 Help Authors Decide",
        "ATAG:sc_b313": "(pas traduit) ATAG SC B.3.1.3 Help Authors Locate",
        "ATAG:sc_b314": "(pas traduit) ATAG SC B.3.1.4 Status Report",
        "ATAG:sc_b315": "(pas traduit) ATAG SC B.3.1.5 Programmatic Association of Results",
        "ATAG:sc_b321": "(pas traduit) ATAG SC B.3.2.1 Repair Assistance (WCAG)",
        "ATAG:sc_b411": "(pas traduit) ATAG SC B.4.1.1 Features Active by Default",
        "ATAG:sc_b412": "(pas traduit) ATAG SC B.4.1.2 Option to Reactivate Features",
        "ATAG:sc_b413": "(pas traduit) ATAG SC B.4.1.3 Feature Deactivation Warning",
        "ATAG:sc_b414": "(pas traduit) ATAG SC B.4.1.4 Feature Prominence",
        "ATAG:sc_b421": "(pas traduit) ATAG SC B.4.2.1 Model Practice (WCAG)",
        "ATAG:sc_b422": "(pas traduit) ATAG SC B.4.2.2 Feature Instructions",
        "ATAG:sc_b423": "(pas traduit) ATAG SC B.4.2.3 Tutorial",
        "ATAG:sc_b424": "(pas traduit) ATAG SC B.4.2.4 Instruction Index",

        "WCAG21:non-text-content": "SC 1.1.1 Contenu non textuel (Niveau A)",
        "WCAG21:audio-only-and-video-only-prerecorded": "SC 1.2.1 Contenus seulement audio et seulement vidéo (pré-enregistrés) (Niveau A)",
        "WCAG21:captions-prerecorded": "SC 1.2.2 Sous-titres (pré-enregistrés) (Niveau A)",
        "WCAG21:audio-description-or-media-alternative-prerecorded": "SC 1.2.3 Audio-description ou version de remplacement pour un média temporel (pré-enregistré) (Niveau A)",
        "WCAG21:captions-live": "SC 1.2.4 Sous-titres (en direct) (Niveau AA)",
        "WCAG21:audio-description-prerecorded": "SC 1.2.5 Audio-description (pré-enregistrée) (Niveau AA)",
        "WCAG21:info-and-relationships": "SC 1.3.1 Information et relations (Niveau A)",
        "WCAG21:meaningful-sequence": "SC 1.3.2 Ordre séquentiel logique (Niveau A)",
        "WCAG21:sensory-characteristics": "SC 1.3.3 Caractéristiques sensorielles (Niveau A)",
        "WCAG21:orientation": "SC 1.3.4 Orientation (Niveau AA)",
        "WCAG21:identify-input-purpose": "SC 1.3.5 Identifier la finalité de la saisie (Niveau AA)",
        "WCAG21:use-of-color": "SC 1.4.1 Utilisation de la couleur (Niveau A)",
        "WCAG21:audio-control": "SC 1.4.2 Contrôle du son (Niveau A)",
        "WCAG21:contrast-minimum": "SC 1.4.3 Contraste (minimum) (Niveau AA)",
        "WCAG21:resize-text": "SC 1.4.4 Redimensionnement du texte (Niveau AA)",
        "WCAG21:image-of-text": "SC 1.4.5 Texte sous forme d’image (Niveau AA)",
        "WCAG21:reflow": "SC 1.4.10 Redistribution (Niveau AA)",
        "WCAG21:non-text-contrast": "SC 1.4.11 Contraste du contenu non textuel (Niveau AA)",
        "WCAG21:text-spacing": "SC 1.4.12 Espacement du texte (Niveau AA)",
        "WCAG21:content-on-hover-or-focus": "SC 1.4.13 Contenu au survol ou au focus (Niveau AA)",
        "WCAG21:keyboard": "SC 2.1.1 Clavier (Niveau A)",
        "WCAG21:no-keyboard-trap": "SC 2.1.2 Pas de piège au clavier (Niveau A)",
        "WCAG21:character-key-shortcuts": "SC 2.1.4 Raccourcis clavier utilisant des caractères (Niveau A)",
        "WCAG21:timing-adjustable": "SC 2.2.1 Réglage du délai (Niveau A)",
        "WCAG21:pause-stop-hide": "SC 2.2.2 Mettre en pause, arrêter, masquer (Niveau A)",
        "WCAG21:three-flashes-or-below-threshold": "SC 2.3.1 Pas plus de trois flashs ou sous le seuil critique (Niveau A)",
        "WCAG21:bypass-blocks": "SC 2.4.1 Contourner des blocs (Niveau A)",
        "WCAG21:page-titled": "SC 2.4.2 Titre de page (Niveau A)",
        "WCAG21:focus-order": "SC 2.4.3 Parcours du focus (Niveau A)",
        "WCAG21:link-purpose-in-context": "SC 2.4.4 Fonction du lien (selon le contexte) (Niveau A)",
        "WCAG21:multiple-ways": "SC 2.4.5 Accès multiples (Niveau AA)",
        "WCAG21:headings-and-labels": "SC 2.4.6 En-têtes et étiquettes (Niveau AA)",
        "WCAG21:focus-visible": "SC 2.4.7 Visibilité du focus (Niveau AA)",
        "WCAG22:focus-appearance-minimum": "WCAG 2.2 - SC 2.4.11 Apparence du focus (Minimum) (Niveau AA)",
        "WCAG22:page-break-navigation": "WCAG 2.2 - SC 2.4.13 Navigation par saut de page (Niveau A)",
        "WCAG21:pointer-gestures": "SC 2.5.1 Gestes pour le contrôle du pointeur (Niveau A)",
        "WCAG21:pointer-cancellation": "SC 2.5.2 Annulation de l’action du pointeur (Niveau A)",
        "WCAG21:label-in-name": "SC 2.5.3 Étiquette dans le nom (Niveau A)",
        "WCAG21:motion-actuation": "SC 2.5.4 Activation par le mouvement (Niveau A)",
        "WCAG22:dragging-movements": "WCAG 2.2 - SC 2.5.7 Mouvements de faire glisser (Niveau AA)",
        "WCAG22:target-size-minimum": "WCAG 2.2 - SC 2.5.8 Taille de la cible (Minimum) (Niveau AA)",
        "WCAG21:language-of-page": "SC 3.1.1 Langue de la page (Niveau A)",
        "WCAG21:language-of-parts": "SC 3.1.2 Langue d’un passage (Niveau AA)",
        "WCAG21:on-focus": "SC 3.2.1 Au focus (Niveau A)",
        "WCAG21:on-input": "SC 3.2.2 À la saisie (Niveau A)",
        "WCAG21:consistent-navigation": "SC 3.2.3 Navigation cohérente (Niveau AA)",
        "WCAG21:consistent-identification": "SC 3.2.4 Identification cohérente (Niveau AA)",
        "WCAG22:consistent-help": "WCAG 2.2 - SC 3.2.6 Aide cohérente (Niveau A)",
        "WCAG22:visible-controls": "WCAG 2.2 - SC 3.2.7 Visibilité des contrôles (Niveau AA)",
        "WCAG21:error-identification": "SC 3.3.1 Identification des erreurs (Niveau A)",
        "WCAG21:labels-or-instructions": "SC 3.3.2 Étiquettes ou instructions (Niveau A)",
        "WCAG21:error-suggestion": "SC 3.3.3 Suggestion après une erreur (Niveau AA)",
        "WCAG21:error-prevention-legal-financial-data)": "SC 3.3.4 Prévention des erreurs (juridiques, financières, de données) (Niveau AA)",
        "WCAG22:accessible-authentication": "WCAG 2.2 - SC 3.3.7 Authentification accessible (Niveau A)",
        "WCAG22:redundant-entry": "WCAG 2.2 - SC 3.3.8 Entrée redondante (Niveau A)",
        "WCAG21:parsing": "SC 4.1.1 Analyse syntaxique (Niveau A)",
        "WCAG21:name-role-value": "SC 4.1.2 Nom, rôle et valeur (Niveau A)",
        "WCAG21:status-messages": "SC 4.1.3 Messages d’état (Niveau AA)",

        "act:rules/wcag2x/sc/1_1_1_situation_a": "Situation A: Si la courte description peut servir le même objectif et présenté la même information que le contenu non textuel",
        "act:rules/wcag2x/sc/1_1_1_situation_b": "Situation B: Si la courte description ne peut pas servir le même objectif et présenté la même information que le contenu non textuel",
        "act:rules/wcag2x/sc/1_1_1_situation_c": "Situation C: Si le contenu non textuel est un contrôle ou accepte l'entrée de l'utilisateur",
        "act:rules/wcag2x/sc/1_1_1_situation_d": "Situation D: Si le contenu non textuel est un média temporel (y compris la vidéo en direct uniquement et l'audio en direct uniquement) ; un test ou un exercice qui serait invalide s'il était présenté sous forme de texte ; ou principalement destinés à créer une expérience sensorielle spécifique",
        "act:rules/wcag2x/sc/1_1_1_situation_e": "Situation E: Si le contenu non textuel est un CAPTCHA",
        "act:rules/wcag2x/sc/1_1_1_situation_f": "Situation F: Si le contenu non textuel doit être ignoré par la technologie d'assistance",

        "WCAG2xTech:general/G73": "G73: Fournir une longue description dans un autre emplacement avec un lien vers celui-ci qui est immédiatement adjacent au contenu non textuel",
        "WCAG2xTech:general/G74": "G74: Fournir une description longue sous forme de texte près du contenu non textuel, avec une référence à l'emplacement de la description longue dans la description courte",
        "WCAG2xTech:general/G92": "G92: Fournir une longue description pour le contenu non textuel qui sert le même objectif et présente les mêmes informations",
        "WCAG2xTech:general/G94": "G94: Fournir une alternative textuelle courte pour le contenu non textuel qui sert le même objectif et présente les mêmes informations que le contenu non textuel",
        "WCAG2xTech:general/G95": "G95: Fournir des alternatives textuelles courtes qui fournissent une brève description du contenu non textuel",
        "WCAG2xTech:aria/ARIA6": "ARIA6: Utiliser aria-label pour fournir des étiquettes aux objets",
        "WCAG2xTech:aria/ARIA10": "ARIA10: Utilisation d'aria-labelledby pour fournir une alternative textuelle au contenu non textuel",
        "WCAG2xTech:aria/ARIA15": "ARIA15: Utiliser aria-describedby pour fournir des descriptions d'images",
        "WCAG2xTech:general/G196": "G196: Utilisation d'une alternative textuelle sur un élément d'un groupe d'images décrivant tous les éléments du groupe",
        "WCAG2xTech:html/H2": "H2: Combinaison de liens image et texte adjacents pour la même ressource",
        "WCAG2xTech:html/H35": "H35: Fournir des alternatives de texte sur les éléments de l'applet",
        "WCAG2xTech:html/H37": "H37: Utilisation des attributs alt sur les éléments img",
        "WCAG2xTech:html/H53": "H53: Utilisation du corps de l'élément objet",
        "WCAG2xTech:html/H86": "H86: Fournir des alternatives de texte pour les emojis, les émoticônes, l'art ASCII et le leetspeak",
        "WCAG2xTech:pdf/PDF1": "PDF1: Application d'alternatives textuelles aux images avec l'entrée Alt dans les documents PDF",
        "WCAG2xTech:failures/F3": "F3: Échec du critère de succès 1.1.1 en raison de l'utilisation de CSS pour inclure des images qui véhiculent des informations importantes",
        "WCAG2xTech:failures/F13": "F13: Échec des critères de succès 1.1.1 et 1.4.1 en raison d'une alternative textuelle qui n'inclut pas les informations véhiculées par les différences de couleur dans l'image",
        "WCAG2xTech:failures/F20": "F20: Échec des critères de succès 1.1.1 et 4.1.2 en raison de la non mise à jour des alternatives textuelles lorsque des modifications de contenu non textuel se produisent",
        "WCAG2xTech:failures/F30": "F30: Échec des critères de succès 1.1.1 et 1.2.1 en raison de l'utilisation d'alternatives textuelles qui ne sont pas des alternatives (par exemple, noms de fichiers ou texte d'espace réservé)",
        "WCAG2xTech:failures/F38": "F38: Échec du critère de succès 1.1.1 en raison du non balisage des images décoratives en HTML d'une manière qui permet à la technologie d'assistance de les ignorer",
        "WCAG2xTech:failures/F39": "F39: Échec du critère de succès 1.1.1 en raison de la fourniture d'une alternative textuelle qui n'est pas nulle pour les images qui devraient être ignorées par la technologie d'assistance",
        "WCAG2xTech:failures/F65": "F65: Échec du critère de succès 1.1.1 en raison de l'omission de l'attribut alt ou de l'alternative textuelle sur les éléments img, les éléments area et les éléments input de type 'image'",
        "WCAG2xTech:failures/F67": "F67: Échec des critères de succès 1.1.1 et 1.2.1 en raison de la fourniture de longues descriptions pour un contenu non textuel qui ne sert pas le même objectif ou ne présente pas les mêmes informations",
        "WCAG2xTech:failures/F71": "F71: Échec du critère de succès 1.1.1 en raison de l'utilisation de textes similaires pour représenter du texte sans fournir de texte alternatif",
        "WCAG2xTech:failures/F72": "F72: Échec du critère de succès 1.1.1 en raison de l'utilisation de l'art ASCII sans fournir d'alternative textuelle",
        "WCAG2xTech:failures/F97": "F97 - Échec dû au verrouillage de l'orientation en mode paysage ou portrait"
      }
    },
    "earl:TestMode": {
      "en": {
        "earl:automatic": "Automatic",
        "earl:manual": "Manual",
        "earl:semiAuto": "Semi-automatic",
        "earl:undisclosed": "Undisclosed",
        "earl:unknownMode": "Unknown"
      },
      "fr": {
        "earl:automatic": "Automatique",
        "earl:manual": "Manuel",
        "earl:semiAuto": "Semi-automatique",
        "earl:undisclosed": "Non divulgué",
        "earl:unknownMode": "Inconnue"
      }
    },
    "acr:ConformanceState": {
      "en": {
        "acr:satisfied": "Satisfied",
        "acr:notSatisfied": "Not satisfied",
        "acr:furtherTestNeeded": "Further testing is needed"
      },
      "fr": {
        "acr:satisfied": "Satisfaites",
        "acr:notSatisfied": "Pas satisfaites",
        "acr:furtherTestNeeded": "Des tests supplémentaires sont nécessaires"
      }
    },
    "acr:SeverityValue": {
      "en": {
        "acr:critical": "Critical",
        "acr:serious": "Serious",
        "acr:moderate": "Moderate",
        "acr:trivial": "Trivial",
        "acr:severityForEvaluation": "To be evaluated",
        "acr:severityNotRelevant": "Not relevant",
        "acr:noSeverity": "Not specified"
      },
      "fr": {
        "acr:critical": "Critique",
        "acr:serious": "Sérieux",
        "acr:moderate": "Modéré",
        "acr:trivial": "Banal",
        "acr:severityForEvaluation": "À évaluer",
        "acr:severityNotRelevant": "Pas pertinent",
        "acr:noSeverity": "Non précisé"
      }
    },
    "acr:RelevancyValue": {
      "en": {
        "wbv:acr#sufficient": "Sufficient technique",
        "wbv:acr#advisory": "Advisory technique",
        "wbv:acr#statement": "Requirement statement",
        "wbv:acr#failure": "Rule failure",
        "wbv:acr#compatibility": "Technology compatibility",
        "wbv:acr/relevancies/compatibility-fail": "Assistive technology and browser compatibility fail",
        "wbv:acr/relevancies/compatibility-browser": "Browser compatibility",
        "wbv:acr/relevancies/compatibility-at": "Assistive technology compatibility",
        "wbv:acr#usability": "Usability",
        "wbv:acr/relevancies/usability-issue": "Usability issue supported with public and reproducible user research",
        "wbv:acr/relevancies/usability-limited": "Usability issue supported with private user research report or limited sampling.",
        "wbv:acr/relevancies/legislative": "Legislative",
        "wbv:acr#expertise": "Expertise",
        "wbv:acr#opinionated": "Opinionated",
        "wbv:acr#comments": "Comments",
        "wbv:acr#relevancyForEvaluation": "To be evaluated",
        "wbv:acr#relevancyNotRelevant": "Not relevant",
        "wbv:acr#noRelevancy": "Not specified"
      },
      "fr": {
        "wbv:acr#sufficient": "Technique suffisante",
        "wbv:acr#advisory": "Technique complémentaire technique",
        "wbv:acr#statement": "Énoncé de l'exigence",
        "wbv:acr#failure": "Échec de la règle",
        "wbv:acr#compatibility": "Compatibilité technologique",
        "wbv:acr/relevancies/compatibility-fail": "Problème de compatibilité de la technologie d'assistance et de compatibilité du navigateur",
        "wbv:acr/relevancies/compatibility-browser": "Compatibilité du navigateur",
        "wbv:acr/relevancies/compatibility-at": "Compatibilité de la technologie adaptative",
        "wbv:acr#usability": "Convivialité",
        "wbv:acr/relevancies/usability-issue": "Problème de convivialité supporté par de la recherche utilisateur public et reproductible",
        "wbv:acr/relevancies/usability-limited": "Problème de convivialité supporté avec de la recherche utilisateur privé ou avec une échantillonnage limité.",
        "wbv:acr/relevancies/legislative": "Législative",
        "wbv:acr#expertise": "Expertise",
        "wbv:acr#opinionated": "Dogmatique",
        "wbv:acr#comments": "Commentaire",
        "wbv:acr#relevancyForEvaluation": "À évaluer",
        "wbv:acr#relevancyNotRelevant": "Pas pertinent",
        "wbv:acr#noRelevancy": "Non précisé"
      }
    },
    "acr:AccuracyState": {
      "en": {
        "acr:falsePositive": "False positive",
        "acr:falseNegative": "False negative",
        "acr:accurate": "Accurate"
      },
      "fr": {
        "acr:falsePositive": "Faux positif",
        "acr:falseNegative": "Faux négatif",
        "acr:accurate": "Adéquat"
      }
    },
    "earl:OutcomeValue": {
      "en": {
        "earl:passed": "Pass",
        "earl:failed": "Fail",
        "earl:cantTell": "Can't tell",
        "earl:inapplicable": "Not applicable",
        "earl:untested": "Not tested"
      },
      "fr": {
        "earl:passed": "Réussi",
        "earl:failed": "Échoue",
        "earl:cantTell": "Ne peux pas dire",
        "earl:inapplicable": "Sans objet",
        "earl:untested": "Pas évalué"

      }
    },
    "acr:Topic": {
      "en": {
        "wbv:acr/topics#aria": "Aria",
        "wbv:acr/topics#html": "HTML",
        "wbv:acr/topics#form": "Form",
        "wbv:acr/topics#audio_video": "Audio and video",
        "wbv:acr/topics#imaging": "Imaging"
      },
      "fr": {
        "wbv:acr/topics/aria": "Aria",
        "wbv:acr/topics/html": "HTML",
        "wbv:acr/topics/form": "Formulaire",
        "wbv:acr/topics/audio_video": "Audio et vidéo",
        "wbv:acr/topics/imaging": "Imagerie"
      }
    }
  }
}
