{
  "data": [{
    "id": 1,
    "first_name": "Dorise",
    "last_name": "Ashwin",
    "age": 28,
    "salary": "$29,967.78",
    "taxes": -13658
  },
  {
    "id": 2,
    "first_name": "Yancy",
    "last_name": "Hansed",
    "age": 69,
    "salary": "$45850.30",
    "taxes": -10300
  },
  {
    "id": 3,
    "first_name": "Lauri",
    "last_name": "Mushrow",
    "age": 71,
    "salary": "$26943.57",
    "taxes": -12441
  },
  {
    "id": 4,
    "first_name": "Niel",
    "last_name": "Trembley",
    "age": 49,
    "salary": "$38976.74",
    "taxes": -12104
  },
  {
    "id": 5,
    "first_name": "Madison",
    "last_name": "Andreone",
    "age": 23,
    "salary": "$31193.15",
    "taxes": -10620
  },
  {
    "id": 6,
    "first_name": "Matt",
    "last_name": "Burgott",
    "age": 17,
    "salary": "$35175.82",
    "taxes": -11863
  },
  {
    "id": 7,
    "first_name": "Xylina",
    "last_name": "Mathews",
    "age": 37,
    "salary": "$35358.90",
    "taxes": -10246
  },
  {
    "id": 8,
    "first_name": "Madelin",
    "last_name": "Gussin",
    "age": 57,
    "salary": "$33842.13",
    "taxes": -14437
  },
  {
    "id": 9,
    "first_name": "Carilyn",
    "last_name": "Paeckmeyer",
    "age": 70,
    "salary": "$26,653.17",
    "taxes": -11651
  },
  {
    "id": 10,
    "first_name": "Yolande",
    "last_name": "Tesauro",
    "age": 32,
    "salary": "34 384,94 $",
    "taxes": -11664
  },
  {
    "id": 11,
    "first_name": "Kristan",
    "last_name": "Pyser",
    "age": 74,
    "salary": "$48859.43",
    "taxes": -11424
  },
  {
    "id": 12,
    "first_name": "Fransisco",
    "last_name": "Younghusband",
    "age": 28,
    "salary": "$46107.87",
    "taxes": -11237
  },
  {
    "id": 13,
    "first_name": "Caesar",
    "last_name": "Prendergrass",
    "age": 67,
    "salary": "$45382.21",
    "taxes": -11534
  },
  {
    "id": 14,
    "first_name": "Collin",
    "last_name": "Thorrington",
    "age": 59,
    "salary": "$41220.40",
    "taxes": -11601
  },
  {
    "id": 15,
    "first_name": "Dew",
    "last_name": "Dilloway",
    "age": 43,
    "salary": "$42461.00",
    "taxes": -13102
  },
  {
    "id": 16,
    "first_name": "Emiline",
    "last_name": "Kane",
    "age": 71,
    "salary": "46 926,56 $",
    "taxes": -10373
  },
  {
    "id": 17,
    "first_name": "Nevil",
    "last_name": "Corpe",
    "age": 36,
    "salary": "$44806.50",
    "taxes": -12421
  },
  {
    "id": 18,
    "first_name": "Goldina",
    "last_name": "Caramuscia",
    "age": 67,
    "salary": "$28055.59",
    "taxes": -13075
  },
  {
    "id": 19,
    "first_name": "Ado",
    "last_name": "Balazin",
    "age": 47,
    "salary": "$29955.26",
    "taxes": -12554
  },
  {
    "id": 20,
    "first_name": "Bartie",
    "last_name": "Roskams",
    "age": 36,
    "salary": "$40234.68",
    "taxes": -13141
  },
  {
    "id": 21,
    "first_name": "Hunter",
    "last_name": "Strasse",
    "age": 57,
    "salary": "$37157.91",
    "taxes": -11740
  },
  {
    "id": 22,
    "first_name": "Gerti",
    "last_name": "Kline",
    "age": 67,
    "salary": "$28869.88",
    "taxes": -11763
  },
  {
    "id": 23,
    "first_name": "Glyn",
    "last_name": "Amsberger",
    "age": 58,
    "salary": "$34181.39",
    "taxes": -14064
  },
  {
    "id": 24,
    "first_name": "Burton",
    "last_name": "Samwell",
    "age": 42,
    "salary": "33&nbsp;301,21&nbsp;$",
    "taxes": -10539
  },
  {
    "id": 25,
    "first_name": "Adamo",
    "last_name": "Blackler",
    "age": 46,
    "salary": "$27129.98",
    "taxes": -13406
  },
  {
    "id": 26,
    "first_name": "Trix",
    "last_name": "Emblow",
    "age": 25,
    "salary": "$39798.45",
    "taxes": -11374
  },
  {
    "id": 27,
    "first_name": "Bernadette",
    "last_name": "Overton",
    "age": 19,
    "salary": "43&nbsp;560,87&nbsp;$",
    "taxes": -11375
  },
  {
    "id": 28,
    "first_name": "Kimberli",
    "last_name": "Pyper",
    "age": 59,
    "salary": "$40706.64",
    "taxes": -13654
  },
  {
    "id": 29,
    "first_name": "Elvyn",
    "last_name": "Karlmann",
    "age": 29,
    "salary": "45&nbsp;330,75&nbsp;$",
    "taxes": -13720
  },
  {
    "id": 30,
    "first_name": "Leora",
    "last_name": "Bareford",
    "age": 48,
    "salary": "$37,655.90",
    "taxes": -12037
  }]
}
