{
  "@context": "https://wet-boew.github.io/vocab/context/2023/acr.json-ld",

  "@id": "https://wet-boew.github.io/wet-boew/demos/wamethod/demo-acr/acr-identifier.json",
  "reportId": "{identifier}",
  "@type": "earl:Assertion",
  "earl:test": "WCAG21",

  "subjectUrl": "https://example.com/url/of/the/page/being/assessed",

  "assertedBy": {
    "name": "{Name of the department} - {Name of the organization}",
    "@id": "https://example.com/url/identifying/the/departement",
    "@type": ["earl:Assertor", "foaf:Organization"],
    "producedBy": {
      "name": "{Full name of the accessor} ({Social media name}: @{Social media handle})",
      "@id": "https://example.com/url/identifying/the/accessor/on/its/social-media",
      "@type": ["earl:Assertor", "foaf:Person"]
    }
  },
  "date": "2023-12-31",

  "scope": "{Scope of the assessment defining what is being assessed and what is out of scope. Also, a human readable note about what success criteria are going to be assessed against which standard must match the property 'earl:test' defined at the root of this report}.",
  "summary": "{General summary or/and notes made by the assertor regarding this assessment, observation or/and comments which will help provide more context and improve the understanding of the assessment result itself. Also, any note that impact the conformance beyond the tested success criteria which are defined under '5. Conformance' in WCAG 2.x}",
  "aggregatedScore": "{Percentage (%) manually calculated representing all the success criteria that have passed compared to the total of tested success criteria}",

  "results": [
    {
      "label": "SC 1.1.1 Non-text content (Level A)",
      "earl:test": "WCAG21:non-text-content",
      "outcome": "Untested",
      "earl:outcome": "earl:untested",
      "notes": "{Any notes about the assessment of this success criterion and complement by adding the discussed technique or the one that is clearly fully applied in the 'technique' property to set a reference to its matching 'earl:TestRequirement'}",
      "techniques": [ ],
      "wb-acr:severity": "wb-acr:noSeverity",
      "wb-acr:relevancy": "wb-acr:noRelevancy",
      "earl:mode": "earl:unknownMode",
      "@type": ["earl:TestResult", "earl:Assertion"]
    },
    {
      "label": "SC 1.2.1 Audio-only and Video-only (Prerecorded) (Level A)",
      "earl:test": "WCAG21:audio-only-and-video-only-prerecorded",
      "outcome": "Untested",
      "earl:outcome": "earl:untested",
      "notes": "",
      "techniques": [ ],
      "wb-acr:severity": "wb-acr:noSeverity",
      "wb-acr:relevancy": "wb-acr:noRelevancy",
      "earl:mode": "earl:unknownMode",
      "@type": ["earl:TestResult", "earl:Assertion"]
    },
    {
      "label": "SC 1.2.2 Captions (Prerecorded) (Level A)",
      "earl:test": "WCAG21:captions-prerecorded",
      "outcome": "Untested",
      "earl:outcome": "earl:untested",
      "notes": "",
      "techniques": [ ],
      "wb-acr:severity": "wb-acr:noSeverity",
      "wb-acr:relevancy": "wb-acr:noRelevancy",
      "earl:mode": "earl:unknownMode",
      "@type": ["earl:TestResult", "earl:Assertion"]
    },
    {
      "label": "SC 1.2.3 Audio Description or Media Alternative (Prerecorded) (Level A)",
      "earl:test": "WCAG21:audio-description-or-media-alternative-prerecorded",
      "outcome": "Untested",
      "earl:outcome": "earl:untested",
      "notes": "",
      "techniques": [ ],
      "wb-acr:severity": "wb-acr:noSeverity",
      "wb-acr:relevancy": "wb-acr:noRelevancy",
      "earl:mode": "earl:unknownMode",
      "@type": ["earl:TestResult", "earl:Assertion"]
    },
    {
      "label": "SC 1.2.4 Captions (Live) (Level AA)",
      "earl:test": "WCAG21:captions-live",
      "outcome": "Untested",
      "earl:outcome": "earl:untested",
      "notes": "",
      "techniques": [ ],
      "wb-acr:severity": "wb-acr:noSeverity",
      "wb-acr:relevancy": "wb-acr:noRelevancy",
      "earl:mode": "earl:unknownMode",
      "@type": ["earl:TestResult", "earl:Assertion"]
    },
    {
      "label": "SC 1.2.5 Audio Description (Prerecorded) (Level AA)",
      "earl:test": "WCAG21:audio-description-prerecorded",
      "outcome": "Untested",
      "earl:outcome": "earl:untested",
      "notes": "",
      "techniques": [ ],
      "wb-acr:severity": "wb-acr:noSeverity",
      "wb-acr:relevancy": "wb-acr:noRelevancy",
      "earl:mode": "earl:unknownMode",
      "@type": ["earl:TestResult", "earl:Assertion"]
    },
    {
      "label": "SC 1.3.1 Info and Relationships (Level A)",
      "earl:test": "WCAG21:info-and-relationships",
      "outcome": "Untested",
      "earl:outcome": "earl:untested",
      "notes": "",
      "techniques": [ ],
      "wb-acr:severity": "wb-acr:noSeverity",
      "wb-acr:relevancy": "wb-acr:noRelevancy",
      "earl:mode": "earl:unknownMode",
      "@type": ["earl:TestResult", "earl:Assertion"]
    },
    {
      "label": "SC 1.3.2 Meaningful Sequence (Level A)",
      "earl:test": "WCAG21:meaningful-sequence",
      "outcome": "Untested",
      "earl:outcome": "earl:untested",
      "notes": "",
      "techniques": [ ],
      "wb-acr:severity": "wb-acr:noSeverity",
      "wb-acr:relevancy": "wb-acr:noRelevancy",
      "earl:mode": "earl:unknownMode",
      "@type": ["earl:TestResult", "earl:Assertion"]
    },
    {
      "label": "SC 1.3.3 Sensory Characteristics (Level A)",
      "earl:test": "WCAG21:sensory-characteristics",
      "outcome": "Untested",
      "earl:outcome": "earl:untested",
      "notes": "",
      "techniques": [ ],
      "wb-acr:severity": "wb-acr:noSeverity",
      "wb-acr:relevancy": "wb-acr:noRelevancy",
      "earl:mode": "earl:unknownMode",
      "@type": ["earl:TestResult", "earl:Assertion"]
    },
    {
      "label": "SC 1.3.4 Orientation (Level AA)",
      "earl:test": "WCAG21:orientation",
      "outcome": "Untested",
      "earl:outcome": "earl:untested",
      "notes": "",
      "techniques": [ ],
      "wb-acr:severity": "wb-acr:noSeverity",
      "wb-acr:relevancy": "wb-acr:noRelevancy",
      "earl:mode": "earl:unknownMode",
      "@type": ["earl:TestResult", "earl:Assertion"]
    },
    {
      "label": "SC 1.3.5 Identify Input Purpose (Level AA)",
      "earl:test": "WCAG21:identify-input-purpose",
      "outcome": "Untested",
      "earl:outcome": "earl:untested",
      "notes": "",
      "techniques": [ ],
      "wb-acr:severity": "wb-acr:noSeverity",
      "wb-acr:relevancy": "wb-acr:noRelevancy",
      "earl:mode": "earl:unknownMode",
      "@type": ["earl:TestResult", "earl:Assertion"]
    },
    {
      "label": "SC 1.4.1 Use of Color (Level A)",
      "earl:test": "WCAG21:use-of-color",
      "wb-acr:severity": "wb-acr:moderate",
      "wb-acr:relevancy": "wb-acr:usability",
      "outcome": "Untested",
      "earl:outcome": "earl:untested",
      "notes": "",
      "techniques": [ ],
      "wb-acr:severity": "wb-acr:noSeverity",
      "wb-acr:relevancy": "wb-acr:noRelevancy",
      "earl:mode": "earl:unknownMode",
      "@type": ["earl:TestResult", "earl:Assertion"]
    },
    {
      "label": "SC 1.4.2 Audio Control (Level A)",
      "earl:test": "WCAG21:audio-control",
      "outcome": "Untested",
      "earl:outcome": "earl:untested",
      "notes": "",
      "techniques": [ ],
      "wb-acr:severity": "wb-acr:noSeverity",
      "wb-acr:relevancy": "wb-acr:noRelevancy",
      "earl:mode": "earl:unknownMode",
      "@type": ["earl:TestResult", "earl:Assertion"]
    },
    {
      "label": "SC 1.4.3 Contrast (Minimum) (Level AA)",
      "earl:test": "WCAG21:contrast-minimum",
      "outcome": "Untested",
      "earl:outcome": "earl:untested",
      "notes": "",
      "techniques": [ ],
      "wb-acr:severity": "wb-acr:noSeverity",
      "wb-acr:relevancy": "wb-acr:noRelevancy",
      "earl:mode": "earl:unknownMode",
      "@type": ["earl:TestResult", "earl:Assertion"]
    },
    {
      "label": "SC 1.4.4 Resize text (Level AA)",
      "earl:test": "WCAG21:resize-text",
      "outcome": "Untested",
      "earl:outcome": "earl:untested",
      "notes": "",
      "techniques": [ ],
      "wb-acr:severity": "wb-acr:noSeverity",
      "wb-acr:relevancy": "wb-acr:noRelevancy",
      "earl:mode": "earl:unknownMode",
      "@type": ["earl:TestResult", "earl:Assertion"]
    },
    {
      "label": "SC 1.4.5 Images of Text (Level AA)",
      "earl:test": "WCAG21:image-of-text",
      "outcome": "Untested",
      "earl:outcome": "earl:untested",
      "notes": "",
      "techniques": [ ],
      "wb-acr:severity": "wb-acr:noSeverity",
      "wb-acr:relevancy": "wb-acr:noRelevancy",
      "earl:mode": "earl:unknownMode",
      "@type": ["earl:TestResult", "earl:Assertion"]
    },
    {
      "label": "SC 1.4.10 Reflow (Level AA)",
      "earl:test": "WCAG21:reflow",
      "outcome": "Untested",
      "earl:outcome": "earl:untested",
      "notes": "",
      "techniques": [ ],
      "wb-acr:severity": "wb-acr:noSeverity",
      "wb-acr:relevancy": "wb-acr:noRelevancy",
      "earl:mode": "earl:unknownMode",
      "@type": ["earl:TestResult", "earl:Assertion"]
    },
    {
      "label": "SC 1.4.11 Non-text Contrast (Level AA)",
      "earl:test": "WCAG21:non-text-contrast",
      "outcome": "Untested",
      "earl:outcome": "earl:untested",
      "notes": "",
      "techniques": [ ],
      "wb-acr:severity": "wb-acr:noSeverity",
      "wb-acr:relevancy": "wb-acr:noRelevancy",
      "earl:mode": "earl:unknownMode",
      "@type": ["earl:TestResult", "earl:Assertion"]
    },
    {
      "label": "SC 1.4.12 Text Spacing (Level AA)",
      "earl:test": "WCAG21:text-spacing",
      "outcome": "Untested",
      "earl:outcome": "earl:untested",
      "notes": "",
      "techniques": [ ],
      "wb-acr:severity": "wb-acr:noSeverity",
      "wb-acr:relevancy": "wb-acr:noRelevancy",
      "earl:mode": "earl:unknownMode",
      "@type": ["earl:TestResult", "earl:Assertion"]
    },
    {
      "label": "SC 1.4.13 Content on Hover or Focus (Level AA)",
      "earl:test": "WCAG21:content-on-hover-or-focus",
      "outcome": "Untested",
      "earl:outcome": "earl:untested",
      "notes": "",
      "techniques": [ ],
      "wb-acr:severity": "wb-acr:noSeverity",
      "wb-acr:relevancy": "wb-acr:noRelevancy",
      "earl:mode": "earl:unknownMode",
      "@type": ["earl:TestResult", "earl:Assertion"]
    },
    {
      "label": "SC 2.1.1 Keyboard (Level A)",
      "earl:test": "WCAG21:keyboard",
      "outcome": "Untested",
      "earl:outcome": "earl:untested",
      "notes": "",
      "techniques": [ ],
      "wb-acr:severity": "wb-acr:noSeverity",
      "wb-acr:relevancy": "wb-acr:noRelevancy",
      "earl:mode": "earl:unknownMode",
      "@type": ["earl:TestResult", "earl:Assertion"]
    },
    {
      "label": "SC 2.1.2 No Keyboard Trap (Level A)",
      "earl:test": "WCAG21:no-keyboard-trap",
      "outcome": "Untested",
      "earl:outcome": "earl:untested",
      "notes": "",
      "techniques": [ ],
      "wb-acr:severity": "wb-acr:noSeverity",
      "wb-acr:relevancy": "wb-acr:noRelevancy",
      "earl:mode": "earl:unknownMode",
      "@type": ["earl:TestResult", "earl:Assertion"]
    },
    {
      "label": "SC 2.1.4 Character Key Shortcuts (Level A)",
      "earl:test": "WCAG21:character-key-shortcuts",
      "outcome": "Untested",
      "earl:outcome": "earl:untested",
      "notes": "",
      "techniques": [ ],
      "wb-acr:severity": "wb-acr:noSeverity",
      "wb-acr:relevancy": "wb-acr:noRelevancy",
      "earl:mode": "earl:unknownMode",
      "@type": ["earl:TestResult", "earl:Assertion"]
    },
    {
      "label": "SC 2.2.1 Timing Adjustable (Level A)",
      "earl:test": "WCAG21:timing-adjustable",
      "outcome": "Untested",
      "earl:outcome": "earl:untested",
      "notes": "",
      "techniques": [ ],
      "wb-acr:severity": "wb-acr:noSeverity",
      "wb-acr:relevancy": "wb-acr:noRelevancy",
      "earl:mode": "earl:unknownMode",
      "@type": ["earl:TestResult", "earl:Assertion"]
    },
    {
      "label": "SC 2.2.2 Pause, Stop, Hide (Level A)",
      "earl:test": "WCAG21:pause-stop-hide",
      "outcome": "Untested",
      "earl:outcome": "earl:untested",
      "notes": "",
      "techniques": [ ],
      "wb-acr:severity": "wb-acr:noSeverity",
      "wb-acr:relevancy": "wb-acr:noRelevancy",
      "earl:mode": "earl:unknownMode",
      "@type": ["earl:TestResult", "earl:Assertion"]
    },
    {
      "label": "SC 2.3.1 Three Flashes or Below Threshold (Level A)",
      "earl:test": "WCAG21:three-flashes-or-below-threshold",
      "outcome": "Untested",
      "earl:outcome": "earl:untested",
      "notes": "",
      "techniques": [ ],
      "wb-acr:severity": "wb-acr:noSeverity",
      "wb-acr:relevancy": "wb-acr:noRelevancy",
      "earl:mode": "earl:unknownMode",
      "@type": ["earl:TestResult", "earl:Assertion"]
    },
    {
      "label": "SC 2.4.1 Bypass Blocks (Level A)",
      "earl:test": "WCAG21:bypass-blocks",
      "outcome": "Untested",
      "earl:outcome": "earl:untested",
      "notes": "",
      "techniques": [ ],
      "wb-acr:severity": "wb-acr:noSeverity",
      "wb-acr:relevancy": "wb-acr:noRelevancy",
      "earl:mode": "earl:unknownMode",
      "@type": ["earl:TestResult", "earl:Assertion"]
    },
    {
      "label": "SC 2.4.2 Page Titled (Level A)",
      "earl:test": "WCAG21:page-titled",
      "outcome": "Untested",
      "earl:outcome": "earl:untested",
      "notes": "",
      "techniques": [ ],
      "wb-acr:severity": "wb-acr:noSeverity",
      "wb-acr:relevancy": "wb-acr:noRelevancy",
      "earl:mode": "earl:unknownMode",
      "@type": ["earl:TestResult", "earl:Assertion"]
    },
    {
      "label": "SC 2.4.3 Focus Order (Level A)",
      "earl:test": "WCAG21:focus-order",
      "outcome": "Untested",
      "earl:outcome": "earl:untested",
      "notes": "",
      "techniques": [ ],
      "wb-acr:severity": "wb-acr:noSeverity",
      "wb-acr:relevancy": "wb-acr:noRelevancy",
      "earl:mode": "earl:unknownMode",
      "@type": ["earl:TestResult", "earl:Assertion"]
    },
    {
      "label": "SC 2.4.4 Link Purpose (In Context) (Level A)",
      "earl:test": "WCAG21:link-purpose-in-context",
      "outcome": "Untested",
      "earl:outcome": "earl:untested",
      "notes": "",
      "techniques": [ ],
      "wb-acr:severity": "wb-acr:noSeverity",
      "wb-acr:relevancy": "wb-acr:noRelevancy",
      "earl:mode": "earl:unknownMode",
      "@type": ["earl:TestResult", "earl:Assertion"]
    },
    {
      "label": "SC 2.4.5 Multiple Ways (Level AA)",
      "earl:test": "WCAG21:multiple-ways",
      "outcome": "Untested",
      "earl:outcome": "earl:untested",
      "notes": "",
      "techniques": [ ],
      "wb-acr:severity": "wb-acr:noSeverity",
      "wb-acr:relevancy": "wb-acr:noRelevancy",
      "earl:mode": "earl:unknownMode",
      "@type": ["earl:TestResult", "earl:Assertion"]
    },
    {
      "label": "SC 2.4.6 Headings and Labels (Level AA)",
      "earl:test": "WCAG21:headings-and-labels",
      "outcome": "Untested",
      "earl:outcome": "earl:untested",
      "notes": "",
      "techniques": [ ],
      "wb-acr:severity": "wb-acr:noSeverity",
      "wb-acr:relevancy": "wb-acr:noRelevancy",
      "earl:mode": "earl:unknownMode",
      "@type": ["earl:TestResult", "earl:Assertion"]
    },
    {
      "label": "SC 2.4.7 Focus Visible (Level AA)",
      "earl:test": "WCAG21:focus-visible",
      "outcome": "Untested",
      "earl:outcome": "earl:untested",
      "notes": "",
      "techniques": [ ],
      "wb-acr:severity": "wb-acr:noSeverity",
      "wb-acr:relevancy": "wb-acr:noRelevancy",
      "earl:mode": "earl:unknownMode",
      "@type": ["earl:TestResult", "earl:Assertion"]
    },
    {
      "label": "SC 2.5.1 Pointer Gestures (Level A)",
      "earl:test": "WCAG21:pointer-gestures",
      "outcome": "Untested",
      "earl:outcome": "earl:untested",
      "notes": "",
      "techniques": [ ],
      "wb-acr:severity": "wb-acr:noSeverity",
      "wb-acr:relevancy": "wb-acr:noRelevancy",
      "earl:mode": "earl:unknownMode",
      "@type": ["earl:TestResult", "earl:Assertion"]
    },
    {
      "label": "SC 2.5.2 Pointer Cancellation (Level A)",
      "earl:test": "WCAG21:pointer-cancellation",
      "outcome": "Untested",
      "earl:outcome": "earl:untested",
      "notes": "",
      "techniques": [ ],
      "wb-acr:severity": "wb-acr:noSeverity",
      "wb-acr:relevancy": "wb-acr:noRelevancy",
      "earl:mode": "earl:unknownMode",
      "@type": ["earl:TestResult", "earl:Assertion"]
    },
    {
      "label": "SC 2.5.3 Label in Name (Level A)",
      "earl:test": "WCAG21:label-in-name",
      "outcome": "Untested",
      "earl:outcome": "earl:untested",
      "notes": "",
      "techniques": [ ],
      "wb-acr:severity": "wb-acr:noSeverity",
      "wb-acr:relevancy": "wb-acr:noRelevancy",
      "earl:mode": "earl:unknownMode",
      "@type": ["earl:TestResult", "earl:Assertion"]
    },
    {
      "label": "SC 2.5.4 Motion Actuation (Level A)",
      "earl:test": "WCAG21:motion-actuation",
      "outcome": "Untested",
      "earl:outcome": "earl:untested",
      "notes": "",
      "techniques": [ ],
      "wb-acr:severity": "wb-acr:noSeverity",
      "wb-acr:relevancy": "wb-acr:noRelevancy",
      "earl:mode": "earl:unknownMode",
      "@type": ["earl:TestResult", "earl:Assertion"]
    },
    {
      "label": "SC 3.1.1 Language of Page (Level A)",
      "earl:test": "WCAG21:language-of-page",
      "outcome": "Untested",
      "earl:outcome": "earl:untested",
      "notes": "",
      "techniques": [ ],
      "wb-acr:severity": "wb-acr:noSeverity",
      "wb-acr:relevancy": "wb-acr:noRelevancy",
      "earl:mode": "earl:unknownMode",
      "@type": ["earl:TestResult", "earl:Assertion"]
    },
    {
      "label": "SC 3.1.2 Language of Parts (Level AA)",
      "earl:test": "WCAG21:language-of-parts",
      "outcome": "Untested",
      "earl:outcome": "earl:untested",
      "notes": "",
      "techniques": [ ],
      "wb-acr:severity": "wb-acr:noSeverity",
      "wb-acr:relevancy": "wb-acr:noRelevancy",
      "earl:mode": "earl:unknownMode",
      "@type": ["earl:TestResult", "earl:Assertion"]
    },
    {
      "label": "SC 3.2.1 On Focus (Level A)",
      "earl:test": "WCAG21:on-focus",
      "outcome": "Untested",
      "earl:outcome": "earl:untested",
      "notes": "",
      "techniques": [ ],
      "wb-acr:severity": "wb-acr:noSeverity",
      "wb-acr:relevancy": "wb-acr:noRelevancy",
      "earl:mode": "earl:unknownMode",
      "@type": ["earl:TestResult", "earl:Assertion"]
    },
    {
      "label": "SC 3.2.2 On Input (Level A)",
      "earl:test": "WCAG21:on-input",
      "outcome": "Untested",
      "earl:outcome": "earl:untested",
      "notes": "",
      "techniques": [ ],
      "wb-acr:severity": "wb-acr:noSeverity",
      "wb-acr:relevancy": "wb-acr:noRelevancy",
      "earl:mode": "earl:unknownMode",
      "@type": ["earl:TestResult", "earl:Assertion"]
    },
    {
      "label": "SC 3.2.3 Consistent Navigation (Level AA)",
      "earl:test": "WCAG21:consistent-navigation",
      "outcome": "Untested",
      "earl:outcome": "earl:untested",
      "notes": "",
      "techniques": [ ],
      "wb-acr:severity": "wb-acr:noSeverity",
      "wb-acr:relevancy": "wb-acr:noRelevancy",
      "earl:mode": "earl:unknownMode",
      "@type": ["earl:TestResult", "earl:Assertion"]
    },
    {
      "label": "SC 3.2.4 Consistent Identification (Level AA)",
      "earl:test": "WCAG21:consistent-identification",
      "outcome": "Untested",
      "earl:outcome": "earl:untested",
      "notes": "",
      "techniques": [ ],
      "wb-acr:severity": "wb-acr:noSeverity",
      "wb-acr:relevancy": "wb-acr:noRelevancy",
      "earl:mode": "earl:unknownMode",
      "@type": ["earl:TestResult", "earl:Assertion"]
    },
    {
      "label": "SC 3.3.1 Error Identification (Level A)",
      "earl:test": "WCAG21:error-identification",
      "outcome": "Untested",
      "earl:outcome": "earl:untested",
      "notes": "",
      "techniques": [ ],
      "wb-acr:severity": "wb-acr:noSeverity",
      "wb-acr:relevancy": "wb-acr:noRelevancy",
      "earl:mode": "earl:unknownMode",
      "@type": ["earl:TestResult", "earl:Assertion"]
    },
    {
      "label": "SC 3.3.2 Labels or Instructions (Level A)",
      "earl:test": "WCAG21:labels-or-instructions",
      "outcome": "Untested",
      "earl:outcome": "earl:untested",
      "notes": "",
      "techniques": [ ],
      "wb-acr:severity": "wb-acr:noSeverity",
      "wb-acr:relevancy": "wb-acr:noRelevancy",
      "earl:mode": "earl:unknownMode",
      "@type": ["earl:TestResult", "earl:Assertion"]
    },
    {
      "label": "SC 3.3.3 Error Suggestion (Level AA)",
      "earl:test": "WCAG21:error-suggestion",
      "outcome": "Untested",
      "earl:outcome": "earl:untested",
      "notes": "",
      "techniques": [ ],
      "wb-acr:severity": "wb-acr:noSeverity",
      "wb-acr:relevancy": "wb-acr:noRelevancy",
      "earl:mode": "earl:unknownMode",
      "@type": ["earl:TestResult", "earl:Assertion"]
    },
    {
      "label": "SC 3.3.4 Error Prevention (Legal, Financial, Data) (Level AA)",
      "earl:test": "WCAG21:error-prevention-legal-financial-data)",
      "outcome": "Untested",
      "earl:outcome": "earl:untested",
      "notes": "",
      "techniques": [ ],
      "wb-acr:severity": "wb-acr:noSeverity",
      "wb-acr:relevancy": "wb-acr:noRelevancy",
      "earl:mode": "earl:unknownMode",
      "@type": ["earl:TestResult", "earl:Assertion"]
    },
    {
      "label": "SC 4.1.1 Parsing (Level A)",
      "earl:test": "WCAG21:parsing",
      "outcome": "Untested",
      "earl:outcome": "earl:untested",
      "notes": "",
      "techniques": [ ],
      "wb-acr:severity": "wb-acr:noSeverity",
      "wb-acr:relevancy": "wb-acr:noRelevancy",
      "earl:mode": "earl:unknownMode",
      "@type": ["earl:TestResult", "earl:Assertion"]
    },
    {
      "label": "SC 4.1.2 Name, Role, Value (Level A)",
      "earl:test": "WCAG21:name-role-value",
      "outcome": "Untested",
      "earl:outcome": "earl:untested",
      "notes": "",
      "techniques": [ ],
      "wb-acr:severity": "wb-acr:noSeverity",
      "wb-acr:relevancy": "wb-acr:noRelevancy",
      "earl:mode": "earl:unknownMode",
      "@type": ["earl:TestResult", "earl:Assertion"]
    },
    {
      "label": "SC 4.1.3 Status Messages (Level AA)",
      "earl:test": "WCAG21:status-messages",
      "outcome": "Untested",
      "earl:outcome": "earl:untested",
      "notes": "",
      "techniques": [ ],
      "wb-acr:severity": "wb-acr:noSeverity",
      "wb-acr:relevancy": "wb-acr:noRelevancy",
      "earl:mode": "earl:unknownMode",
      "@type": ["earl:TestResult", "earl:Assertion"]
    }
  ]
}
