{
  "@context": "https://wet-boew.github.io/vocab/context/2023/acr.json-ld",

  "@id": "https://wet-boew.github.io/wet-boew/demos/wamethod/demo-acr/acr-1.json",
  "reportId": "1",
  "@type": "earl:Assertion",
  "earl:test": "WCAG21",

  "subjectUrl": "https://wet-boew.github.io/wet-boew/demos/wamethod/example-en.html",

  "assertedBy": {
    "name": "Service Canada - Principal Publisher",
    "@id": "https://github.com/ServiceCanada",
    "@type": ["earl:Assertor", "foaf:Organization"],
    "producedBy": {
      "name": "Full name of the accessor (Github: @GithubHandle)",
      "@id": "https://github.com/GithubHandle",
      "@type": ["earl:Assertor", "foaf:Person"]
    }
  },
  "date": "2023-03-16",

  "scope": "Partial evaluation focused only on the component not its container. Evaluated all Success Criteria at Level AA of WCAG 2.1",
  "summary": "",
  "aggregatedScore": "100%",

  "review": [
    {
      "name": "Reviewer full name (Github: @GithubHandle)",
      "page": "https://github.com/GithubHandle",
      "@type": ["wb-arc:Revision", "foaf:Person"],
      "earl:mode": "earl:manual",
      "earl:outcome": "earl:passed",
      "outcome": "Pass",
      "summary": "Confirm the score of 100%. There is no work items and the WCAG 2.2 numbering, as today, has changed since but I didn't modified them. I removed the techniques identified per SC according to our new guidance for that property.",
      "date": "2023-03-02",
      "results": [
        {
          "label": "SC 1.1.1 Non-text content (Level A)",
          "earl:test": "WCAG21:non-text-content",
          "outcome": "Pass",
          "earl:outcome": "earl:passed",
          "notes": "A more specific note",
          "techniques": [ ],
          "wb-acr:severity": "wb-acr:noSeverity",
          "wb-acr:relevancy": "wb-acr:noRelevancy",
          "earl:mode": "earl:manual",
          "@type": ["earl:TestResult", "earl:Assertion"]
        },
        {
          "label": "SC 1.2.1 Audio-only and Video-only (Prerecorded) (Level A)",
          "earl:test": "WCAG21:audio-only-and-video-only-prerecorded",
          "outcome": "Inapplicable",
          "earl:outcome": "earl:inapplicable",
          "notes": "A more specific note.",
          "techniques": [ "WCAG2xTech:failures/F30" ],
          "wb-acr:severity": "wb-acr:noSeverity",
          "wb-acr:relevancy": "wb-acr:noRelevancy",
          "earl:mode": "earl:manual",
          "@type": ["earl:TestResult", "earl:Assertion"]
        }
      ]
    }
  ],

  "workitems": [
    {
      "title": "Name of the work item",
      "description": "Description of the work items, describe what need to be completed",
      "issue": "https://github.com/wet-boew/wet-boew/issues/0",
      "toResolveTest": [ "WCAG2xTech:failures/F97" ],
      "wb-acr:severity": "wb-acr:noSeverity",
      "wb-acr:relevancy": "wb-acr:noRelevancy"
    },
    {
      "title": "Second work items",
      "description": "Description of the work items, describe what need to be completed",
      "issue": "https://github.com/wet-boew/wet-boew/issues/0",
      "toResolveTest": [ "WCAG21:non-text-content" ],
      "wb-acr:severity": "wb-acr:noSeverity",
      "wb-acr:relevancy": "wb-acr:noRelevancy"
    }
  ],

  "results": [
    {
      "label": "SC 1.1.1 Non-text content (Level A)",
      "earl:test": "WCAG21:non-text-content",
      "outcome": "Pass",
      "earl:outcome": "earl:passed",
      "notes": "",
      "techniques": [ ],
      "wb-acr:severity": "wb-acr:noSeverity",
      "wb-acr:relevancy": "wb-acr:noRelevancy",
      "earl:mode": "earl:manual",
      "@type": ["earl:TestResult", "earl:Assertion"]
    },
    {
      "label": "SC 1.2.1 Audio-only and Video-only (Prerecorded) (Level A)",
      "earl:test": "WCAG21:audio-only-and-video-only-prerecorded",
      "outcome": "Inapplicable",
      "earl:outcome": "earl:inapplicable",
      "notes": "",
      "techniques": [ ],
      "results": [
        {
          "label": "G214 - Using a control to allow access to content in different orientations which is otherwise restricted",
          "earl:test": "WCAG2xTech:general/G214",
          "outcome": "Pass",
          "earl:outcome": "earl:passed",
          "notes": "",
          "earl:mode": "earl:manual",
          "@type": [ "earl:TestResult", "earl:Assertion" ]
        },
        {
          "label": "F97 - Failure due to locking the orientation to landscape or portrait view",
          "earl:test": "WCAG2xTech:failures/F97",
          "outcome": "Pass",
          "earl:outcome": "earl:passed",
          "notes": "",
          "earl:mode": "earl:manual",
          "@type": [ "earl:TestResult", "earl:Assertion" ]
        },
        {
          "label": "F100 - Failure of Success Criterion 1.3.4 due to showing a message asking to reorient device",
          "earl:test": "WCAG2xTech:failures/F100",
          "outcome": "Failed",
          "earl:outcome": "earl:failed",
          "notes": "A message popup when we orient the page in portrait view to re-orient in landscape",
          "earl:mode": "earl:manual",
          "@type": [ "earl:TestResult", "earl:Assertion" ]
        }
      ],
      "wb-acr:severity": "wb-acr:noSeverity",
      "wb-acr:relevancy": "wb-acr:noRelevancy",
      "earl:mode": "earl:manual",
      "@type": ["earl:TestResult", "earl:Assertion"]
    },
    {
      "label": "SC 1.2.2 Captions (Prerecorded) (Level A)",
      "earl:test": "WCAG21:captions-prerecorded",
      "outcome": "Inapplicable",
      "earl:outcome": "earl:inapplicable",
      "notes": "",
      "techniques": [ ],
      "wb-acr:severity": "wb-acr:noSeverity",
      "wb-acr:relevancy": "wb-acr:noRelevancy",
      "earl:mode": "earl:manual",
      "@type": ["earl:TestResult", "earl:Assertion"]
    },
    {
      "label": "SC 1.2.3 Audio Description or Media Alternative (Prerecorded) (Level A)",
      "earl:test": "WCAG21:audio-description-or-media-alternative-prerecorded",
      "outcome": "Inapplicable",
      "earl:outcome": "earl:inapplicable",
      "notes": "",
      "techniques": [ ],
      "wb-acr:severity": "wb-acr:noSeverity",
      "wb-acr:relevancy": "wb-acr:noRelevancy",
      "earl:mode": "earl:manual",
      "@type": ["earl:TestResult", "earl:Assertion"]
    },
    {
      "label": "SC 1.2.4 Captions (Live) (Level AA)",
      "earl:test": "WCAG21:captions-live",
      "outcome": "Inapplicable",
      "earl:outcome": "earl:inapplicable",
      "notes": "",
      "techniques": [ ],
      "wb-acr:severity": "wb-acr:noSeverity",
      "wb-acr:relevancy": "wb-acr:noRelevancy",
      "earl:mode": "earl:manual",
      "@type": ["earl:TestResult", "earl:Assertion"]
    },
    {
      "label": "SC 1.2.5 Audio Description (Prerecorded) (Level AA)",
      "earl:test": "WCAG21:audio-description-prerecorded",
      "outcome": "Inapplicable",
      "earl:outcome": "earl:inapplicable",
      "notes": "",
      "techniques": [ ],
      "wb-acr:severity": "wb-acr:noSeverity",
      "wb-acr:relevancy": "wb-acr:noRelevancy",
      "earl:mode": "earl:manual",
      "@type": ["earl:TestResult", "earl:Assertion"]
    },
    {
      "label": "SC 1.3.1 Info and Relationships (Level A)",
      "earl:test": "WCAG21:info-and-relationships",
      "outcome": "Pass",
      "earl:outcome": "earl:passed",
      "notes": "",
      "techniques": [ ],
      "wb-acr:severity": "wb-acr:noSeverity",
      "wb-acr:relevancy": "wb-acr:noRelevancy",
      "earl:mode": "earl:manual",
      "@type": ["earl:TestResult", "earl:Assertion"]
    },
    {
      "label": "SC 1.3.2 Meaningful Sequence (Level A)",
      "earl:test": "WCAG21:meaningful-sequence",
      "outcome": "Pass",
      "earl:outcome": "earl:passed",
      "notes": "",
      "techniques": [ ],
      "wb-acr:severity": "wb-acr:noSeverity",
      "wb-acr:relevancy": "wb-acr:noRelevancy",
      "earl:mode": "earl:manual",
      "@type": ["earl:TestResult", "earl:Assertion"]
    },
    {
      "label": "SC 1.3.3 Sensory Characteristics (Level A)",
      "earl:test": "WCAG21:sensory-characteristics",
      "outcome": "Pass",
      "earl:outcome": "earl:passed",
      "notes": "",
      "techniques": [ ],
      "wb-acr:severity": "wb-acr:noSeverity",
      "wb-acr:relevancy": "wb-acr:noRelevancy",
      "earl:mode": "earl:manual",
      "@type": ["earl:TestResult", "earl:Assertion"]
    },
    {
      "label": "SC 1.3.4 Orientation (Level AA)",
      "earl:test": "WCAG21:orientation",
      "outcome": "Pass",
      "earl:outcome": "earl:passed",
      "notes": "",
      "techniques": [
        "WCAG2xTech:failures/F100"
      ],
      "wb-acr:severity": "wb-acr:noSeverity",
      "wb-acr:relevancy": "wb-acr:noRelevancy",
      "earl:mode": "earl:manual",
      "@type": ["earl:TestResult", "earl:Assertion"]
    },
    {
      "label": "SC 1.3.5 Identify Input Purpose (Level AA)",
      "earl:test": "WCAG21:identify-input-purpose",
      "outcome": "Inapplicable",
      "earl:outcome": "earl:inapplicable",
      "notes": "",
      "techniques": [ ],
      "wb-acr:severity": "wb-acr:noSeverity",
      "wb-acr:relevancy": "wb-acr:noRelevancy",
      "earl:mode": "earl:manual",
      "@type": ["earl:TestResult", "earl:Assertion"]
    },
    {
      "label": "SC 1.4.1 Use of Color (Level A)",
      "earl:test": "WCAG21:use-of-color",
      "wb-acr:severity": "wb-acr:moderate",
      "wb-acr:relevancy": "wb-acr:usability",
      "outcome": "Pass",
      "earl:outcome": "earl:passed",
      "notes": "",
      "techniques": [ ],
      "earl:mode": "earl:manual",
      "@type": ["earl:TestResult", "earl:Assertion"]
    },
    {
      "label": "SC 1.4.2 Audio Control (Level A)",
      "earl:test": "WCAG21:audio-control",
      "outcome": "Inapplicable",
      "earl:outcome": "earl:inapplicable",
      "notes": "",
      "techniques": [ ],
      "wb-acr:severity": "wb-acr:noSeverity",
      "wb-acr:relevancy": "wb-acr:noRelevancy",
      "earl:mode": "earl:manual",
      "@type": ["earl:TestResult", "earl:Assertion"]
    },
    {
      "label": "SC 1.4.3 Contrast (Minimum) (Level AA)",
      "earl:test": "WCAG21:contrast-minimum",
      "outcome": "Pass",
      "earl:outcome": "earl:passed",
      "notes": "",
      "techniques": [ ],
      "wb-acr:severity": "wb-acr:noSeverity",
      "wb-acr:relevancy": "wb-acr:noRelevancy",
      "earl:mode": "earl:manual",
      "@type": ["earl:TestResult", "earl:Assertion"]
    },
    {
      "label": "SC 1.4.4 Resize text (Level AA)",
      "earl:test": "WCAG21:resize-text",
      "outcome": "Pass",
      "earl:outcome": "earl:passed",
      "notes": "",
      "techniques": [ ],
      "wb-acr:severity": "wb-acr:noSeverity",
      "wb-acr:relevancy": "wb-acr:noRelevancy",
      "earl:mode": "earl:manual",
      "@type": ["earl:TestResult", "earl:Assertion"]
    },
    {
      "label": "SC 1.4.5 Images of Text (Level AA)",
      "earl:test": "WCAG21:image-of-text",
      "outcome": "Inapplicable",
      "earl:outcome": "earl:inapplicable",
      "notes": "",
      "techniques": [ ],
      "wb-acr:severity": "wb-acr:noSeverity",
      "wb-acr:relevancy": "wb-acr:noRelevancy",
      "earl:mode": "earl:manual",
      "@type": ["earl:TestResult", "earl:Assertion"]
    },
    {
      "label": "SC 1.4.10 Reflow (Level AA)",
      "earl:test": "WCAG21:reflow",
      "outcome": "Pass",
      "earl:outcome": "earl:passed",
      "notes": "",
      "techniques": [ ],
      "wb-acr:severity": "wb-acr:noSeverity",
      "wb-acr:relevancy": "wb-acr:noRelevancy",
      "earl:mode": "earl:manual",
      "@type": ["earl:TestResult", "earl:Assertion"]
    },
    {
      "label": "SC 1.4.11 Non-text Contrast (Level AA)",
      "earl:test": "WCAG21:non-text-contrast",
      "outcome": "Pass",
      "earl:outcome": "earl:passed",
      "notes": "",
      "techniques": [ ],
      "wb-acr:severity": "wb-acr:noSeverity",
      "wb-acr:relevancy": "wb-acr:noRelevancy",
      "earl:mode": "earl:manual",
      "@type": ["earl:TestResult", "earl:Assertion"]
    },
    {
      "label": "SC 1.4.12 Text Spacing (Level AA)",
      "earl:test": "WCAG21:text-spacing",
      "outcome": "Pass",
      "earl:outcome": "earl:passed",
      "notes": "",
      "techniques": [ ],
      "wb-acr:severity": "wb-acr:noSeverity",
      "wb-acr:relevancy": "wb-acr:noRelevancy",
      "earl:mode": "earl:manual",
      "@type": ["earl:TestResult", "earl:Assertion"]
    },
    {
      "label": "SC 1.4.13 Content on Hover or Focus (Level AA)",
      "earl:test": "WCAG21:content-on-hover-or-focus",
      "outcome": "Inapplicable",
      "earl:outcome": "earl:inapplicable",
      "notes": "",
      "techniques": [ ],
      "wb-acr:severity": "wb-acr:noSeverity",
      "wb-acr:relevancy": "wb-acr:noRelevancy",
      "earl:mode": "earl:manual",
      "@type": ["earl:TestResult", "earl:Assertion"]
    },
    {
      "label": "SC 2.1.1 Keyboard (Level A)",
      "earl:test": "WCAG21:keyboard",
      "outcome": "Pass",
      "earl:outcome": "earl:passed",
      "notes": "",
      "techniques": [ ],
      "wb-acr:severity": "wb-acr:noSeverity",
      "wb-acr:relevancy": "wb-acr:noRelevancy",
      "earl:mode": "earl:manual",
      "@type": ["earl:TestResult", "earl:Assertion"]
    },
    {
      "label": "SC 2.1.2 No Keyboard Trap (Level A)",
      "earl:test": "WCAG21:no-keyboard-trap",
      "outcome": "Pass",
      "earl:outcome": "earl:passed",
      "notes": "",
      "techniques": [ ],
      "wb-acr:severity": "wb-acr:noSeverity",
      "wb-acr:relevancy": "wb-acr:noRelevancy",
      "earl:mode": "earl:manual",
      "@type": ["earl:TestResult", "earl:Assertion"]
    },
    {
      "label": "SC 2.1.4 Character Key Shortcuts (Level A)",
      "earl:test": "WCAG21:character-key-shortcuts",
      "outcome": "Inapplicable",
      "earl:outcome": "earl:inapplicable",
      "notes": "",
      "techniques": [ ],
      "wb-acr:severity": "wb-acr:noSeverity",
      "wb-acr:relevancy": "wb-acr:noRelevancy",
      "earl:mode": "earl:manual",
      "@type": ["earl:TestResult", "earl:Assertion"]
    },
    {
      "label": "SC 2.2.1 Timing Adjustable (Level A)",
      "earl:test": "WCAG21:timing-adjustable",
      "outcome": "Inapplicable",
      "earl:outcome": "earl:inapplicable",
      "notes": "",
      "techniques": [ ],
      "wb-acr:severity": "wb-acr:noSeverity",
      "wb-acr:relevancy": "wb-acr:noRelevancy",
      "earl:mode": "earl:manual",
      "@type": ["earl:TestResult", "earl:Assertion"]
    },
    {
      "label": "SC 2.2.2 Pause, Stop, Hide (Level A)",
      "earl:test": "WCAG21:pause-stop-hide",
      "outcome": "Inapplicable",
      "earl:outcome": "earl:inapplicable",
      "notes": "",
      "techniques": [ ],
      "wb-acr:severity": "wb-acr:noSeverity",
      "wb-acr:relevancy": "wb-acr:noRelevancy",
      "earl:mode": "earl:manual",
      "@type": ["earl:TestResult", "earl:Assertion"]
    },
    {
      "label": "SC 2.3.1 Three Flashes or Below Threshold (Level A)",
      "earl:test": "WCAG21:three-flashes-or-below-threshold",
      "outcome": "Pass",
      "earl:outcome": "earl:passed",
      "notes": "",
      "techniques": [ ],
      "wb-acr:severity": "wb-acr:noSeverity",
      "wb-acr:relevancy": "wb-acr:noRelevancy",
      "earl:mode": "earl:manual",
      "@type": ["earl:TestResult", "earl:Assertion"]
    },
    {
      "label": "SC 2.4.1 Bypass Blocks (Level A)",
      "earl:test": "WCAG21:bypass-blocks",
      "outcome": "Inapplicable",
      "earl:outcome": "earl:inapplicable",
      "notes": "",
      "techniques": [ ],
      "wb-acr:severity": "wb-acr:noSeverity",
      "wb-acr:relevancy": "wb-acr:noRelevancy",
      "earl:mode": "earl:manual",
      "@type": ["earl:TestResult", "earl:Assertion"]
    },
    {
      "label": "SC 2.4.2 Page Titled (Level A)",
      "earl:test": "WCAG21:page-titled",
      "outcome": "Inapplicable",
      "earl:outcome": "earl:inapplicable",
      "notes": "",
      "techniques": [ ],
      "wb-acr:severity": "wb-acr:noSeverity",
      "wb-acr:relevancy": "wb-acr:noRelevancy",
      "earl:mode": "earl:manual",
      "@type": ["earl:TestResult", "earl:Assertion"]
    },
    {
      "label": "SC 2.4.3 Focus Order (Level A)",
      "earl:test": "WCAG21:focus-order",
      "outcome": "Pass",
      "earl:outcome": "earl:passed",
      "notes": "",
      "techniques": [ ],
      "wb-acr:severity": "wb-acr:noSeverity",
      "wb-acr:relevancy": "wb-acr:noRelevancy",
      "earl:mode": "earl:manual",
      "@type": ["earl:TestResult", "earl:Assertion"]
    },
    {
      "label": "SC 2.4.4 Link Purpose (In Context) (Level A)",
      "earl:test": "WCAG21:link-purpose-in-context",
      "outcome": "Pass",
      "earl:outcome": "earl:passed",
      "notes": "",
      "techniques": [ ],
      "wb-acr:severity": "wb-acr:noSeverity",
      "wb-acr:relevancy": "wb-acr:noRelevancy",
      "earl:mode": "earl:manual",
      "@type": ["earl:TestResult", "earl:Assertion"]
    },
    {
      "label": "SC 2.4.5 Multiple Ways (Level AA)",
      "earl:test": "WCAG21:multiple-ways",
      "outcome": "Inapplicable",
      "earl:outcome": "earl:inapplicable",
      "notes": "",
      "techniques": [ ],
      "wb-acr:severity": "wb-acr:noSeverity",
      "wb-acr:relevancy": "wb-acr:noRelevancy",
      "earl:mode": "earl:manual",
      "@type": ["earl:TestResult", "earl:Assertion"]
    },
    {
      "label": "SC 2.4.6 Headings and Labels (Level AA)",
      "earl:test": "WCAG21:headings-and-labels",
      "outcome": "Pass",
      "earl:outcome": "earl:passed",
      "notes": "",
      "techniques": [ ],
      "wb-acr:severity": "wb-acr:noSeverity",
      "wb-acr:relevancy": "wb-acr:noRelevancy",
      "earl:mode": "earl:manual",
      "@type": ["earl:TestResult", "earl:Assertion"]
    },
    {
      "label": "SC 2.4.7 Focus Visible (Level AA)",
      "earl:test": "WCAG21:focus-visible",
      "outcome": "Pass",
      "earl:outcome": "earl:passed",
      "notes": "",
      "techniques": [ ],
      "wb-acr:severity": "wb-acr:noSeverity",
      "wb-acr:relevancy": "wb-acr:noRelevancy",
      "earl:mode": "earl:manual",
      "@type": ["earl:TestResult", "earl:Assertion"]
    },
    {
      "label": "SC 2.4.11 Focus Appearance (Minimum) (Level AA)",
      "earl:test": "WCAG22:focus-appearance-minimum",
      "outcome": "Pass",
      "earl:outcome": "earl:passed",
      "notes": "",
      "techniques": [ ],
      "wb-acr:severity": "wb-acr:noSeverity",
      "wb-acr:relevancy": "wb-acr:noRelevancy",
      "earl:mode": "earl:manual",
      "@type": ["earl:TestResult", "earl:Assertion"]
    },
    {
      "label": "SC 2.4.13 Page Break Navigation (Level A)",
      "earl:test": "WCAG22:page-break-navigation",
      "outcome": "Inapplicable",
      "earl:outcome": "earl:inapplicable",
      "notes": "",
      "techniques": [ ],
      "wb-acr:severity": "wb-acr:noSeverity",
      "wb-acr:relevancy": "wb-acr:noRelevancy",
      "earl:mode": "earl:manual",
      "@type": ["earl:TestResult", "earl:Assertion"]
    },
    {
      "label": "SC 2.5.1 Pointer Gestures (Level A)",
      "earl:test": "WCAG21:pointer-gestures",
      "outcome": "Inapplicable",
      "earl:outcome": "earl:inapplicable",
      "notes": "",
      "techniques": [ ],
      "wb-acr:severity": "wb-acr:noSeverity",
      "wb-acr:relevancy": "wb-acr:noRelevancy",
      "earl:mode": "earl:manual",
      "@type": ["earl:TestResult", "earl:Assertion"]
    },
    {
      "label": "SC 2.5.2 Pointer Cancellation (Level A)",
      "earl:test": "WCAG21:pointer-cancellation",
      "outcome": "Pass",
      "earl:outcome": "earl:passed",
      "notes": "",
      "techniques": [ ],
      "wb-acr:severity": "wb-acr:noSeverity",
      "wb-acr:relevancy": "wb-acr:noRelevancy",
      "earl:mode": "earl:manual",
      "@type": ["earl:TestResult", "earl:Assertion"]
    },
    {
      "label": "SC 2.5.3 Label in Name (Level A)",
      "earl:test": "WCAG21:label-in-name",
      "outcome": "Pass",
      "earl:outcome": "earl:passed",
      "notes": "",
      "techniques": [ ],
      "wb-acr:severity": "wb-acr:noSeverity",
      "wb-acr:relevancy": "wb-acr:noRelevancy",
      "earl:mode": "earl:manual",
      "@type": ["earl:TestResult", "earl:Assertion"]
    },
    {
      "label": "SC 2.5.4 Motion Actuation (Level A)",
      "earl:test": "WCAG21:motion-actuation",
      "outcome": "Inapplicable",
      "earl:outcome": "earl:inapplicable",
      "notes": "",
      "techniques": [ ],
      "wb-acr:severity": "wb-acr:noSeverity",
      "wb-acr:relevancy": "wb-acr:noRelevancy",
      "earl:mode": "earl:manual",
      "@type": ["earl:TestResult", "earl:Assertion"]
    },
    {
      "label": "SC 2.5.7 Dragging Movements (Level AA)",
      "earl:test": "WCAG22:dragging-movements",
      "outcome": "Inapplicable",
      "earl:outcome": "earl:inapplicable",
      "notes": "",
      "techniques": [ ],
      "wb-acr:severity": "wb-acr:noSeverity",
      "wb-acr:relevancy": "wb-acr:noRelevancy",
      "earl:mode": "earl:manual",
      "@type": ["earl:TestResult", "earl:Assertion"]
    },
    {
      "label": "SC 2.5.8 Target Size (Minimum) (Level AA)",
      "earl:test": "WCAG22:target-size-minimum",
      "outcome": "Pass",
      "earl:outcome": "earl:passed",
      "notes": "",
      "techniques": [ ],
      "wb-acr:severity": "wb-acr:noSeverity",
      "wb-acr:relevancy": "wb-acr:noRelevancy",
      "earl:mode": "earl:manual",
      "@type": ["earl:TestResult", "earl:Assertion"]
    },
    {
      "label": "SC 3.1.1 Language of Page (Level A)",
      "earl:test": "WCAG21:language-of-page",
      "outcome": "Inapplicable",
      "earl:outcome": "earl:inapplicable",
      "notes": "",
      "techniques": [ ],
      "wb-acr:severity": "wb-acr:noSeverity",
      "wb-acr:relevancy": "wb-acr:noRelevancy",
      "earl:mode": "earl:manual",
      "@type": ["earl:TestResult", "earl:Assertion"]
    },
    {
      "label": "SC 3.1.2 Language of Parts (Level AA)",
      "earl:test": "WCAG21:language-of-parts",
      "outcome": "Inapplicable",
      "earl:outcome": "earl:inapplicable",
      "notes": "",
      "techniques": [ ],
      "wb-acr:severity": "wb-acr:noSeverity",
      "wb-acr:relevancy": "wb-acr:noRelevancy",
      "earl:mode": "earl:manual",
      "@type": ["earl:TestResult", "earl:Assertion"]
    },
    {
      "label": "SC 3.2.1 On Focus (Level A)",
      "earl:test": "WCAG21:on-focus",
      "outcome": "Pass",
      "earl:outcome": "earl:passed",
      "notes": "",
      "techniques": [ ],
      "wb-acr:severity": "wb-acr:noSeverity",
      "wb-acr:relevancy": "wb-acr:noRelevancy",
      "earl:mode": "earl:manual",
      "@type": ["earl:TestResult", "earl:Assertion"]
    },
    {
      "label": "SC 3.2.2 On Input (Level A)",
      "earl:test": "WCAG21:on-input",
      "outcome": "Inapplicable",
      "earl:outcome": "earl:inapplicable",
      "notes": "",
      "techniques": [ ],
      "wb-acr:severity": "wb-acr:noSeverity",
      "wb-acr:relevancy": "wb-acr:noRelevancy",
      "earl:mode": "earl:manual",
      "@type": ["earl:TestResult", "earl:Assertion"]
    },
    {
      "label": "SC 3.2.3 Consistent Navigation (Level AA)",
      "earl:test": "WCAG21:consistent-navigation",
      "outcome": "Pass",
      "earl:outcome": "earl:passed",
      "notes": "",
      "techniques": [ ],
      "wb-acr:severity": "wb-acr:noSeverity",
      "wb-acr:relevancy": "wb-acr:noRelevancy",
      "earl:mode": "earl:manual",
      "@type": ["earl:TestResult", "earl:Assertion"]
    },
    {
      "label": "SC 3.2.4 Consistent Identification (Level AA)",
      "earl:test": "WCAG21:consistent-identification",
      "outcome": "Pass",
      "earl:outcome": "earl:passed",
      "notes": "",
      "techniques": [ ],
      "wb-acr:severity": "wb-acr:noSeverity",
      "wb-acr:relevancy": "wb-acr:noRelevancy",
      "earl:mode": "earl:manual",
      "@type": ["earl:TestResult", "earl:Assertion"]
    },
    {
      "label": "SC 3.2.6 Consistent Help (Level A)",
      "earl:test": "WCAG22:consistent-help",
      "outcome": "Inapplicable",
      "earl:outcome": "earl:inapplicable",
      "notes": "",
      "techniques": [ ],
      "wb-acr:severity": "wb-acr:noSeverity",
      "wb-acr:relevancy": "wb-acr:noRelevancy",
      "earl:mode": "earl:manual",
      "@type": ["earl:TestResult", "earl:Assertion"]
    },
    {
      "label": "SC 3.2.7 Visible Controls (Level AA)",
      "earl:test": "WCAG22:visible-controls",
      "outcome": "Pass",
      "earl:outcome": "earl:passed",
      "notes": "",
      "techniques": [ ],
      "wb-acr:severity": "wb-acr:noSeverity",
      "wb-acr:relevancy": "wb-acr:noRelevancy",
      "earl:mode": "earl:manual",
      "@type": ["earl:TestResult", "earl:Assertion"]
    },
    {
      "label": "SC 3.3.1 Error Identification (Level A)",
      "earl:test": "WCAG21:error-identification",
      "outcome": "Inapplicable",
      "earl:outcome": "earl:inapplicable",
      "notes": "",
      "techniques": [ ],
      "wb-acr:severity": "wb-acr:noSeverity",
      "wb-acr:relevancy": "wb-acr:noRelevancy",
      "earl:mode": "earl:manual",
      "@type": ["earl:TestResult", "earl:Assertion"]
    },
    {
      "label": "SC 3.3.2 Labels or Instructions (Level A)",
      "earl:test": "WCAG21:labels-or-instructions",
      "outcome": "Inapplicable",
      "earl:outcome": "earl:inapplicable",
      "notes": "",
      "techniques": [ ],
      "wb-acr:severity": "wb-acr:noSeverity",
      "wb-acr:relevancy": "wb-acr:noRelevancy",
      "earl:mode": "earl:manual",
      "@type": ["earl:TestResult", "earl:Assertion"]
    },
    {
      "label": "SC 3.3.3 Error Suggestion (Level AA)",
      "earl:test": "WCAG21:error-suggestion",
      "outcome": "Inapplicable",
      "earl:outcome": "earl:inapplicable",
      "notes": "",
      "techniques": [ ],
      "wb-acr:severity": "wb-acr:noSeverity",
      "wb-acr:relevancy": "wb-acr:noRelevancy",
      "earl:mode": "earl:manual",
      "@type": ["earl:TestResult", "earl:Assertion"]
    },
    {
      "label": "SC 3.3.4 Error Prevention (Legal, Financial, Data) (Level AA)",
      "earl:test": "WCAG21:error-prevention-legal-financial-data)",
      "outcome": "Inapplicable",
      "earl:outcome": "earl:inapplicable",
      "notes": "",
      "techniques": [ ],
      "wb-acr:severity": "wb-acr:noSeverity",
      "wb-acr:relevancy": "wb-acr:noRelevancy",
      "earl:mode": "earl:manual",
      "@type": ["earl:TestResult", "earl:Assertion"]
    },
    {
      "label": "SC 3.3.7 Accessible Authentication (Level A)",
      "earl:test": "WCAG22:accessible-authentication",
      "outcome": "Inapplicable",
      "earl:outcome": "earl:inapplicable",
      "notes": "",
      "techniques": [ ],
      "wb-acr:severity": "wb-acr:noSeverity",
      "wb-acr:relevancy": "wb-acr:noRelevancy",
      "earl:mode": "earl:manual",
      "@type": ["earl:TestResult", "earl:Assertion"]
    },
    {
      "label": "SC 3.3.8 Redundant entry (Level A)",
      "earl:test": "WCAG22:redundant-entry",
      "outcome": "Inapplicable",
      "earl:outcome": "earl:inapplicable",
      "notes": "",
      "techniques": [ ],
      "wb-acr:severity": "wb-acr:noSeverity",
      "wb-acr:relevancy": "wb-acr:noRelevancy",
      "earl:mode": "earl:manual",
      "@type": ["earl:TestResult", "earl:Assertion"]
    },
    {
      "label": "SC 4.1.1 Parsing (Level A)",
      "earl:test": "WCAG21:parsing",
      "outcome": "Pass",
      "earl:outcome": "earl:passed",
      "notes": "",
      "techniques": [ ],
      "wb-acr:severity": "wb-acr:noSeverity",
      "wb-acr:relevancy": "wb-acr:noRelevancy",
      "earl:mode": "earl:manual",
      "@type": ["earl:TestResult", "earl:Assertion"]
    },
    {
      "label": "SC 4.1.2 Name, Role, Value (Level A)",
      "earl:test": "WCAG21:name-role-value",
      "outcome": "Pass",
      "earl:outcome": "earl:passed",
      "notes": "",
      "techniques": [ ],
      "wb-acr:severity": "wb-acr:noSeverity",
      "wb-acr:relevancy": "wb-acr:noRelevancy",
      "earl:mode": "earl:manual",
      "@type": ["earl:TestResult", "earl:Assertion"]
    },
    {
      "label": "SC 4.1.3 Status Messages (Level AA)",
      "earl:test": "WCAG21:status-messages",
      "outcome": "Inapplicable",
      "earl:outcome": "earl:inapplicable",
      "notes": "",
      "techniques": [ ],
      "wb-acr:severity": "wb-acr:noSeverity",
      "wb-acr:relevancy": "wb-acr:noRelevancy",
      "earl:mode": "earl:manual",
      "@type": ["earl:TestResult", "earl:Assertion"]
    }
  ]
}
