<?xml version="1.0" encoding="utf-8"?>
<feed xmlns="http://www.w3.org/2005/Atom">
	<title>Canada News Centre - Manitoba</title>
	<subtitle>Canada News Centre</subtitle>
	<updated>2018-10-25T08:50:38-04:00</updated>
	<link href="https://www.canada.ca/en/news/web-feeds/manitoba" rel="self" />
	<id>https://www.canada.ca/en/news.html</id>
	<logo>https://www.canada.ca/etc/designs/canada/wet-boew/assets/wmms-blk.svg</logo>
	<entry>
		<title>Government of Canada recognizes Eagle Urban Transition Centre in supporting First Nations children off-reserve through Jordan's Principle</title>
		<id>https://www.canada.ca/en/indigenous-services-canada/news/2018/10/government-of-canada-recognizes-eagle-urban-transition-centre-in-supporting-first-nations-children-off-reserve-through-jordans-principle.html</id>
		<summary type="html">Working in partnership with First Nations, Indigenous Services Canada is committed to providing children with the supports and services they need, when they need them.</summary>
		<author>
			<name>Indigenous Services Canada</name>
		</author>
		<updated>2018-10-19T12:06:29-04:00</updated>
		<link href="https://www.canada.ca/en/indigenous-services-canada/news/2018/10/government-of-canada-recognizes-eagle-urban-transition-centre-in-supporting-first-nations-children-off-reserve-through-jordans-principle.html" />
	</entry>
</feed>
