{
    "events": [
        {
            "tags": "language__english language__french location__online dayOTW_friday",
            "title": "Ask PAC Anything!",
            "date": "Friday September 5th, 2025",
            "date-ISO": "2025-09-05",
            "time": "12:00 PM to 1:00 PM",
            "location": "Online",
            "language": "English, French"
        },
        {
            "tags": "language__english location__vancouver dayOTW_wednesday",
            "title": "Bidding on Opportunities",
            "date": "Wednesday September 10th, 2025",
            "date-ISO": "2025-09-10",
            "time": "2:00 PM to 3:30 PM",
            "location": "Vancouver",
            "language": "English"
        },
        {
            "tags": "language__english location__ottawa dayOTW_thursday",
            "title": "Doing business with the Government of Canada (Webinar)",
            "date": "Thursday September 11th, 2025",
            "date-ISO": "2025-09-11",
            "time": "12:00 PM to 2:00 PM",
            "location": "Ottawa",
            "language": "English"
        },
        {
            "tags": "language__english location__online dayOTW_friday",
            "title": "Ask PAC Anything!",
            "date": "Friday September 12th, 2025",
            "date-ISO": "2025-09-12",
            "time": "12:00 PM to 1:00 PM",
            "location": "Online",
            "language": "English"
        },
        {
            "tags": "language__english location__ottawa dayOTW_thursday",
            "title": "Bidding on opportunities (Webinar)",
            "date": "Thursday September 18th, 2025",
            "date-ISO": "2025-09-18",
            "time": "12:00 PM to 2:00 PM",
            "location": "Ottawa",
            "language": "English"
        },
        {
            "tags": "language__english location__online dayOTW_friday",
            "title": "Ask PAC Anything!",
            "date": "Friday September 19th, 2025",
            "date-ISO": "2025-09-19",
            "time": "12:00 PM to 1:00 PM",
            "location": "Online",
            "language": "English"
        },
        {
            "tags": "language__french location__ottawa dayOTW_thursday",
            "title": "Workshop to register in the Supplier Registration Information (SRI) system and in the Indigenous ness Directory (IBD) for Indigenous-led businesses",
            "date": "Thursday September 25th, 2025",
            "date-ISO": "2025-09-25",
            "time": "9:30 AM to 11:00 AM",
            "location": "Ottawa",
            "language": "French"
        },
        {
            "tags": "language__english location__ottawa location__montreal dayOTW_thursday",
            "title": "Workshop to register in the Supplier Registration Information (SRI) system and in the Indigenous ness Directory (IBD) for Indigenous-led businesses",
            "date": "Thursday September 25th, 2025",
            "date-ISO": "2025-09-25",
            "time": "1:00 PM to 2:30 PM",
            "location": "Ottawa and Montreal",
            "language": "English"
        },
        {
            "tags": "language__french location__montreal dayOTW_thursday",
            "title": "Doing Business with the Government of Canada",
            "date": "Thursday September 25th, 2025",
            "date-ISO": "2025-09-25",
            "time": "1:30 PM to 3:00 PM",
            "location": "Montreal",
            "language": "French"
        },
        {
            "tags": "language__english location__vancouver dayOTW_thursday",
            "title": "Doing Business with the Government of Canada",
            "date": "Thursday September 25th, 2025",
            "date-ISO": "2025-09-25",
            "time": "2:00 PM to 3:30 PM",
            "location": "Vancouver",
            "language": "English"
        },
        {
            "tags": "language__english location__online dayOTW_friday",
            "title": "Ask PAC Anything!",
            "date": "Friday September 26th, 2025",
            "date-ISO": "2025-09-26",
            "time": "12:00 PM to 1:30 PM",
            "location": "Online",
            "language": "English"
        },
        {
            "tags": "language__english location__toronto dayOTW_tuesday",
            "title": "Mythbusting Federal Government Procurement and Overview of Innovation for Defence, Excellence and Security (IDEaS) ",
            "date": "Tuesday September 30th, 2025",
            "date-ISO": "2025-09-30",
            "time": "10:00 AM to 11:00 AM",
            "location": "Toronto",
            "language": "English"
        },
        {
            "tags": "language__french location__montreal dayOTW_tuesday",
            "title": "Register as supplier and find opportunities on BuyAndSell.gc.ca",
            "date": "Tuesday September 30th, 2025",
            "date-ISO": "2025-09-30",
            "time": "1:30 PM to 3:00 PM",
            "location": "Montreal",
            "language": "French"
        },
        {
            "tags": "language__english location__toronto dayOTW_wednesday",
            "title": "Federal Procurement Virtual Drop-in Café",
            "date": "Wednesday October 1st, 2025",
            "date-ISO": "2025-10-01",
            "time": "3:00 PM to 4:00 PM",
            "location": "Toronto",
            "language": "English"
        }
    ]
}
